-- =========================================================
--  BITACORA UVM (SCHEMA + VIEWS + SEED AL FINAL)
-- =========================================================

DROP DATABASE IF EXISTS bitacora_uvm;
CREATE DATABASE bitacora_uvm
    DEFAULT CHARACTER SET utf8mb4
    DEFAULT COLLATE utf8mb4_unicode_ci;

USE bitacora_uvm;

-- =========================================================
--  1) ROLES
-- =========================================================
CREATE TABLE rol (
    id          TINYINT UNSIGNED NOT NULL,
    nombre      VARCHAR(50) NOT NULL,
    descripcion VARCHAR(120) NULL,
    created_at  DATETIME NOT NULL DEFAULT CURRENT_TIMESTAMP,
    updated_at  DATETIME NOT NULL DEFAULT CURRENT_TIMESTAMP ON UPDATE CURRENT_TIMESTAMP,
    PRIMARY KEY (id),
    UNIQUE KEY ux_rol_nombre (nombre)
) ENGINE=InnoDB
DEFAULT CHARSET=utf8mb4
COLLATE=utf8mb4_unicode_ci;

-- =========================================================
--  2) USUARIO BASE
-- =========================================================
CREATE TABLE usuario (
    id              INT UNSIGNED NOT NULL AUTO_INCREMENT,
    rol_id          TINYINT UNSIGNED NOT NULL,
    nombre_completo VARCHAR(120) NOT NULL,
    correo          VARCHAR(180) NOT NULL,
    matricula       BIGINT UNSIGNED NOT NULL,
    password_hash   VARCHAR(255) NOT NULL,
    estado          ENUM('activo','inactivo') NOT NULL DEFAULT 'activo',
    created_at      DATETIME NOT NULL DEFAULT CURRENT_TIMESTAMP,
    updated_at      DATETIME NOT NULL DEFAULT CURRENT_TIMESTAMP ON UPDATE CURRENT_TIMESTAMP,
    PRIMARY KEY (id),
    UNIQUE KEY ux_usuario_correo (correo),
    UNIQUE KEY ux_usuario_matricula (matricula),
    KEY ix_usuario_rol_id (rol_id),
    CONSTRAINT fk_usuario_rol
        FOREIGN KEY (rol_id)
        REFERENCES rol (id)
        ON UPDATE CASCADE
) ENGINE=InnoDB
DEFAULT CHARSET=utf8mb4
COLLATE=utf8mb4_unicode_ci;

-- =========================================================
--  3) AREA
-- =========================================================
CREATE TABLE area (
    id         INT UNSIGNED NOT NULL AUTO_INCREMENT,
    nombre     VARCHAR(120) NOT NULL,
    estado     ENUM('activa','inactiva') NOT NULL DEFAULT 'activa',
    created_at DATETIME NOT NULL DEFAULT CURRENT_TIMESTAMP,
    updated_at DATETIME NOT NULL DEFAULT CURRENT_TIMESTAMP ON UPDATE CURRENT_TIMESTAMP,
    PRIMARY KEY (id),
    UNIQUE KEY ux_area_nombre (nombre)
) ENGINE=InnoDB
DEFAULT CHARSET=utf8mb4
COLLATE=utf8mb4_unicode_ci;

-- =========================================================
--  4) PERFILES
-- =========================================================
CREATE TABLE coordinador_profile (
    usuario_id INT UNSIGNED NOT NULL,
    area_id    INT UNSIGNED NOT NULL,
    created_at DATETIME NOT NULL DEFAULT CURRENT_TIMESTAMP,
    updated_at DATETIME NOT NULL DEFAULT CURRENT_TIMESTAMP ON UPDATE CURRENT_TIMESTAMP,
    PRIMARY KEY (usuario_id),
    KEY ix_coord_area_id (area_id),
    CONSTRAINT fk_coord_usuario
        FOREIGN KEY (usuario_id)
        REFERENCES usuario (id)
        ON DELETE CASCADE
        ON UPDATE CASCADE,
    CONSTRAINT fk_coord_area
        FOREIGN KEY (area_id)
        REFERENCES area (id)
        ON UPDATE CASCADE
) ENGINE=InnoDB
DEFAULT CHARSET=utf8mb4
COLLATE=utf8mb4_unicode_ci;

CREATE TABLE docente_profile (
    usuario_id INT UNSIGNED NOT NULL,
    categoria  ENUM('general','tiempo_completo') NOT NULL DEFAULT 'general',
    created_at DATETIME NOT NULL DEFAULT CURRENT_TIMESTAMP,
    updated_at DATETIME NOT NULL DEFAULT CURRENT_TIMESTAMP ON UPDATE CURRENT_TIMESTAMP,
    PRIMARY KEY (usuario_id),
    CONSTRAINT fk_doc_usuario
        FOREIGN KEY (usuario_id)
        REFERENCES usuario (id)
        ON DELETE CASCADE
        ON UPDATE CASCADE
) ENGINE=InnoDB
DEFAULT CHARSET=utf8mb4
COLLATE=utf8mb4_unicode_ci;

-- =========================================================
--  5) CARRERA
-- =========================================================
CREATE TABLE carrera (
    id             INT UNSIGNED NOT NULL AUTO_INCREMENT,
    nombre_carrera VARCHAR(120) NOT NULL,
    codigo_carrera VARCHAR(80) NOT NULL,
    area_id        INT UNSIGNED NOT NULL,
    coordinador_id INT UNSIGNED DEFAULT NULL,
    estado         ENUM('activa','inactiva') NOT NULL DEFAULT 'activa',
    created_at     DATETIME NOT NULL DEFAULT CURRENT_TIMESTAMP,
    updated_at     DATETIME NOT NULL DEFAULT CURRENT_TIMESTAMP ON UPDATE CURRENT_TIMESTAMP,
    PRIMARY KEY (id),
    UNIQUE KEY ux_carrera_codigo (codigo_carrera),
    KEY ix_carrera_area_id (area_id),
    KEY ix_carrera_coordinador_id (coordinador_id),
    CONSTRAINT fk_carrera_area
        FOREIGN KEY (area_id)
        REFERENCES area (id)
        ON UPDATE CASCADE,
    CONSTRAINT fk_carrera_coordinador
        FOREIGN KEY (coordinador_id)
        REFERENCES usuario (id)
        ON DELETE SET NULL
        ON UPDATE CASCADE
) ENGINE=InnoDB
DEFAULT CHARSET=utf8mb4
COLLATE=utf8mb4_unicode_ci;

-- =========================================================
--  6) ESTUDIANTE PERFIL
-- =========================================================
CREATE TABLE estudiante_profile (
    usuario_id INT UNSIGNED NOT NULL,
    carrera_id INT UNSIGNED NOT NULL,
    created_at DATETIME NOT NULL DEFAULT CURRENT_TIMESTAMP,
    updated_at DATETIME NOT NULL DEFAULT CURRENT_TIMESTAMP ON UPDATE CURRENT_TIMESTAMP,
    PRIMARY KEY (usuario_id),
    KEY ix_est_carrera_id (carrera_id),
    CONSTRAINT fk_est_usuario
        FOREIGN KEY (usuario_id)
        REFERENCES usuario (id)
        ON DELETE CASCADE
        ON UPDATE CASCADE,
    CONSTRAINT fk_est_carrera
        FOREIGN KEY (carrera_id)
        REFERENCES carrera (id)
        ON UPDATE CASCADE
) ENGINE=InnoDB
DEFAULT CHARSET=utf8mb4
COLLATE=utf8mb4_unicode_ci;

-- =========================================================
--  7) MATERIA (CATÁLOGO GLOBAL)
-- =========================================================
CREATE TABLE materia (
    id              INT UNSIGNED NOT NULL AUTO_INCREMENT,
    nombre_materia  VARCHAR(100) NOT NULL,
    codigo_materia  VARCHAR(80) NOT NULL,
    tipo_evaluacion ENUM('teorica','practica') NOT NULL DEFAULT 'teorica',
    estado          ENUM('activa','inactiva') NOT NULL DEFAULT 'activa',
    created_at      DATETIME NOT NULL DEFAULT CURRENT_TIMESTAMP,
    updated_at      DATETIME NOT NULL DEFAULT CURRENT_TIMESTAMP ON UPDATE CURRENT_TIMESTAMP,
    PRIMARY KEY (id),
    UNIQUE KEY ux_materia_codigo (codigo_materia),
    KEY ix_materia_nombre (nombre_materia)
) ENGINE=InnoDB
DEFAULT CHARSET=utf8mb4
COLLATE=utf8mb4_unicode_ci;

-- =========================================================
--  8) CARRERA_MATERIA (PLAN DE ESTUDIOS)
-- =========================================================
CREATE TABLE carrera_materia (
    id           INT UNSIGNED NOT NULL AUTO_INCREMENT,
    carrera_id   INT UNSIGNED NOT NULL,
    materia_id   INT UNSIGNED NOT NULL,
    num_semestre TINYINT UNSIGNED NOT NULL,
    estado       ENUM('activa','inactiva') NOT NULL DEFAULT 'activa',
    created_at   DATETIME NOT NULL DEFAULT CURRENT_TIMESTAMP,
    updated_at   DATETIME NOT NULL DEFAULT CURRENT_TIMESTAMP ON UPDATE CURRENT_TIMESTAMP,
    PRIMARY KEY (id),
    UNIQUE KEY ux_carrera_materia (carrera_id, materia_id),
    KEY ix_cm_carrera_semestre (carrera_id, num_semestre),
    CONSTRAINT fk_cm_carrera
        FOREIGN KEY (carrera_id)
        REFERENCES carrera (id)
        ON DELETE CASCADE
        ON UPDATE CASCADE,
    CONSTRAINT fk_cm_materia
        FOREIGN KEY (materia_id)
        REFERENCES materia (id)
        ON DELETE CASCADE
        ON UPDATE CASCADE
) ENGINE=InnoDB
DEFAULT CHARSET=utf8mb4
COLLATE=utf8mb4_unicode_ci;

-- =========================================================
--  9) PERIODO
-- =========================================================
CREATE TABLE periodo (
    id           INT UNSIGNED NOT NULL AUTO_INCREMENT,
    codigo       VARCHAR(10) NOT NULL,
    nombre       VARCHAR(60) NULL,
    fecha_inicio DATE NOT NULL,
    fecha_fin    DATE NOT NULL,
    estado       ENUM('planeado','activo','cerrado') NOT NULL DEFAULT 'planeado',
    created_at   DATETIME NOT NULL DEFAULT CURRENT_TIMESTAMP,
    updated_at   DATETIME NOT NULL DEFAULT CURRENT_TIMESTAMP ON UPDATE CURRENT_TIMESTAMP,
    PRIMARY KEY (id),
    UNIQUE KEY ux_periodo_codigo (codigo),
    KEY ix_periodo_fechas (fecha_inicio, fecha_fin)
) ENGINE=InnoDB
DEFAULT CHARSET=utf8mb4
COLLATE=utf8mb4_unicode_ci;

-- =========================================================
--  10) SECCION (LA "CLASE REAL" DEL SEMESTRE)
-- =========================================================
CREATE TABLE seccion (
    id         INT UNSIGNED NOT NULL AUTO_INCREMENT,
    materia_id INT UNSIGNED NOT NULL,
    carrera_id INT UNSIGNED NOT NULL,
    periodo_id INT UNSIGNED NOT NULL,
    grupo      VARCHAR(10) NOT NULL,
    docente_id INT UNSIGNED DEFAULT NULL,
    modalidad  ENUM('presencial','linea','mixta') NOT NULL DEFAULT 'presencial',
    estado     ENUM('activa','inactiva') NOT NULL DEFAULT 'activa',
    created_at DATETIME NOT NULL DEFAULT CURRENT_TIMESTAMP,
    updated_at DATETIME NOT NULL DEFAULT CURRENT_TIMESTAMP ON UPDATE CURRENT_TIMESTAMP,
    PRIMARY KEY (id),
    UNIQUE KEY ux_seccion_unique (materia_id, carrera_id, periodo_id, grupo),
    KEY ix_seccion_materia_id (materia_id),
    KEY ix_seccion_carrera_id (carrera_id),
    KEY ix_seccion_periodo_id (periodo_id),
    KEY ix_seccion_docente_id (docente_id),
    CONSTRAINT fk_seccion_materia
        FOREIGN KEY (materia_id)
        REFERENCES materia (id)
        ON UPDATE CASCADE,
    CONSTRAINT fk_seccion_carrera
        FOREIGN KEY (carrera_id)
        REFERENCES carrera (id)
        ON UPDATE CASCADE,
    CONSTRAINT fk_seccion_periodo
        FOREIGN KEY (periodo_id)
        REFERENCES periodo (id)
        ON UPDATE CASCADE,
    CONSTRAINT fk_seccion_docente
        FOREIGN KEY (docente_id)
        REFERENCES usuario (id)
        ON DELETE SET NULL
        ON UPDATE CASCADE
) ENGINE=InnoDB
DEFAULT CHARSET=utf8mb4
COLLATE=utf8mb4_unicode_ci;

-- =========================================================
--  11) SECCION_COMPONENTE (3 CRN POR SECCION)
-- =========================================================
CREATE TABLE seccion_componente (
    id              INT UNSIGNED NOT NULL AUTO_INCREMENT,
    seccion_id      INT UNSIGNED NOT NULL,
    tipo            ENUM('continua','blackboard','examen') NOT NULL,
    crn             VARCHAR(30) NOT NULL,
    peso_porcentaje DECIMAL(5,2) DEFAULT NULL,
    estado          ENUM('activo','inactivo') NOT NULL DEFAULT 'activo',
    created_at      DATETIME NOT NULL DEFAULT CURRENT_TIMESTAMP,
    updated_at      DATETIME NOT NULL DEFAULT CURRENT_TIMESTAMP ON UPDATE CURRENT_TIMESTAMP,
    PRIMARY KEY (id),
    UNIQUE KEY ux_sc_seccion_tipo (seccion_id, tipo),
    UNIQUE KEY ux_sc_crn (crn),
    KEY ix_sc_seccion_id (seccion_id),
    CONSTRAINT fk_sc_seccion
        FOREIGN KEY (seccion_id)
        REFERENCES seccion (id)
        ON DELETE CASCADE
        ON UPDATE CASCADE
) ENGINE=InnoDB
DEFAULT CHARSET=utf8mb4
COLLATE=utf8mb4_unicode_ci;

-- =========================================================
--  12) INSCRIPCION (UNA POR SECCION)
-- =========================================================
CREATE TABLE inscripcion (
    id            INT UNSIGNED NOT NULL AUTO_INCREMENT,
    seccion_id    INT UNSIGNED NOT NULL,
    estudiante_id INT UNSIGNED NOT NULL, -- usuario con rol estudiante
    estado        ENUM('inscrito','baja') NOT NULL DEFAULT 'inscrito',
    metodo        ENUM('presencial','linea') NOT NULL DEFAULT 'presencial',
    created_at    DATETIME NOT NULL DEFAULT CURRENT_TIMESTAMP,
    updated_at    DATETIME NOT NULL DEFAULT CURRENT_TIMESTAMP ON UPDATE CURRENT_TIMESTAMP,
    PRIMARY KEY (id),
    UNIQUE KEY ux_inscripcion (seccion_id, estudiante_id),
    KEY ix_insc_seccion_id (seccion_id),
    KEY ix_insc_estudiante_id (estudiante_id),
    CONSTRAINT fk_insc_seccion
        FOREIGN KEY (seccion_id)
        REFERENCES seccion (id)
        ON DELETE CASCADE
        ON UPDATE CASCADE,
    CONSTRAINT fk_insc_estudiante
        FOREIGN KEY (estudiante_id)
        REFERENCES usuario (id)
        ON DELETE CASCADE
        ON UPDATE CASCADE
) ENGINE=InnoDB
DEFAULT CHARSET=utf8mb4
COLLATE=utf8mb4_unicode_ci;

-- =========================================================
--  12.1) PARCIALES + CONFIG
-- =========================================================
CREATE TABLE parcial (
    id         TINYINT UNSIGNED NOT NULL,
    nombre     VARCHAR(20) NOT NULL,
    orden      TINYINT UNSIGNED NOT NULL,
    created_at DATETIME NOT NULL DEFAULT CURRENT_TIMESTAMP,
    updated_at DATETIME NOT NULL DEFAULT CURRENT_TIMESTAMP ON UPDATE CURRENT_TIMESTAMP,
    PRIMARY KEY (id),
    UNIQUE KEY ux_parcial_orden (orden)
) ENGINE=InnoDB
DEFAULT CHARSET=utf8mb4
COLLATE=utf8mb4_unicode_ci;

CREATE TABLE seccion_parcial_config (
    seccion_id    INT UNSIGNED NOT NULL,
    parcial_id    TINYINT UNSIGNED NOT NULL,
    peso_semestre DECIMAL(5,2) NOT NULL,
    created_at    DATETIME NOT NULL DEFAULT CURRENT_TIMESTAMP,
    updated_at    DATETIME NOT NULL DEFAULT CURRENT_TIMESTAMP ON UPDATE CURRENT_TIMESTAMP,
    PRIMARY KEY (seccion_id, parcial_id),
    CONSTRAINT fk_spc_seccion
        FOREIGN KEY (seccion_id) REFERENCES seccion (id)
        ON DELETE CASCADE ON UPDATE CASCADE,
    CONSTRAINT fk_spc_parcial
        FOREIGN KEY (parcial_id) REFERENCES parcial (id)
        ON UPDATE CASCADE
) ENGINE=InnoDB
DEFAULT CHARSET=utf8mb4
COLLATE=utf8mb4_unicode_ci;

-- =========================================================
--  12.2) CALIFICACIONES
-- =========================================================
CREATE TABLE calificacion_examen_final (
    id             INT UNSIGNED NOT NULL AUTO_INCREMENT,
    inscripcion_id INT UNSIGNED NOT NULL,
    calificacion   DECIMAL(5,2) NULL,
    created_at     DATETIME NOT NULL DEFAULT CURRENT_TIMESTAMP,
    updated_at     DATETIME NOT NULL DEFAULT CURRENT_TIMESTAMP ON UPDATE CURRENT_TIMESTAMP,
    PRIMARY KEY (id),
    UNIQUE KEY ux_ex_final (inscripcion_id),
    CONSTRAINT fk_exfin_insc
        FOREIGN KEY (inscripcion_id) REFERENCES inscripcion (id)
        ON DELETE CASCADE ON UPDATE CASCADE
) ENGINE=InnoDB
DEFAULT CHARSET=utf8mb4
COLLATE=utf8mb4_unicode_ci;

CREATE TABLE actividad (
    id                 INT UNSIGNED NOT NULL AUTO_INCREMENT,
    seccion_id         INT UNSIGNED NOT NULL,
    parcial_id         TINYINT UNSIGNED NOT NULL,
    componente         ENUM('blackboard','continua') NOT NULL,
    origen             ENUM('blackboard','teams','manual') NOT NULL DEFAULT 'manual',
    nombre             VARCHAR(160) NOT NULL,
    peso_en_componente DECIMAL(5,2) NOT NULL,
    referencia_externa VARCHAR(120) NULL,
    estado             ENUM('activa','inactiva') NOT NULL DEFAULT 'activa',
    created_at         DATETIME NOT NULL DEFAULT CURRENT_TIMESTAMP,
    updated_at         DATETIME NOT NULL DEFAULT CURRENT_TIMESTAMP ON UPDATE CURRENT_TIMESTAMP,
    PRIMARY KEY (id),
    KEY ix_act_seccion_parcial (seccion_id, parcial_id),
    UNIQUE KEY ux_act_unique (seccion_id, parcial_id, componente, nombre),
    CONSTRAINT fk_act_seccion
        FOREIGN KEY (seccion_id) REFERENCES seccion (id)
        ON DELETE CASCADE ON UPDATE CASCADE,
    CONSTRAINT fk_act_parcial
        FOREIGN KEY (parcial_id) REFERENCES parcial (id)
        ON UPDATE CASCADE
) ENGINE=InnoDB
DEFAULT CHARSET=utf8mb4
COLLATE=utf8mb4_unicode_ci;

CREATE TABLE calificacion_actividad (
    id             INT UNSIGNED NOT NULL AUTO_INCREMENT,
    actividad_id   INT UNSIGNED NOT NULL,
    inscripcion_id INT UNSIGNED NOT NULL,
    calificacion   DECIMAL(5,2) NULL,
    created_at     DATETIME NOT NULL DEFAULT CURRENT_TIMESTAMP,
    updated_at     DATETIME NOT NULL DEFAULT CURRENT_TIMESTAMP ON UPDATE CURRENT_TIMESTAMP,
    PRIMARY KEY (id),
    UNIQUE KEY ux_cal_act (actividad_id, inscripcion_id),
    KEY ix_cal_insc (inscripcion_id),
    CONSTRAINT fk_cal_act_actividad
        FOREIGN KEY (actividad_id) REFERENCES actividad (id)
        ON DELETE CASCADE ON UPDATE CASCADE,
    CONSTRAINT fk_cal_act_insc
        FOREIGN KEY (inscripcion_id) REFERENCES inscripcion (id)
        ON DELETE CASCADE ON UPDATE CASCADE
) ENGINE=InnoDB
DEFAULT CHARSET=utf8mb4
COLLATE=utf8mb4_unicode_ci;

CREATE TABLE calificacion_examen_parcial (
    id             INT UNSIGNED NOT NULL AUTO_INCREMENT,
    inscripcion_id INT UNSIGNED NOT NULL,
    parcial_id     TINYINT UNSIGNED NOT NULL,
    calificacion   DECIMAL(5,2) NULL,
    created_at     DATETIME NOT NULL DEFAULT CURRENT_TIMESTAMP,
    updated_at     DATETIME NOT NULL DEFAULT CURRENT_TIMESTAMP ON UPDATE CURRENT_TIMESTAMP,
    PRIMARY KEY (id),
    UNIQUE KEY ux_ex_parcial (inscripcion_id, parcial_id),
    CONSTRAINT fk_expar_insc
        FOREIGN KEY (inscripcion_id) REFERENCES inscripcion (id)
        ON DELETE CASCADE ON UPDATE CASCADE,
    CONSTRAINT fk_expar_parcial
        FOREIGN KEY (parcial_id) REFERENCES parcial (id)
        ON UPDATE CASCADE
) ENGINE=InnoDB
DEFAULT CHARSET=utf8mb4
COLLATE=utf8mb4_unicode_ci;

-- =========================================================
--  13) VISTAS ÚTILES (IGUALES A TU LÓGICA)
-- =========================================================

CREATE OR REPLACE VIEW vw_inscripcion_con_crn AS
SELECT
    i.id AS inscripcion_id,
    i.estudiante_id,
    u.nombre_completo AS estudiante_nombre,
    u.correo AS estudiante_correo,
    u.matricula AS estudiante_matricula,

    s.id AS seccion_id,
    m.codigo_materia,
    m.nombre_materia,
    c.codigo_carrera,
    c.nombre_carrera,
    p.codigo AS periodo,
    s.grupo,
    s.modalidad,
    s.docente_id,

    sc.tipo AS componente_tipo,
    sc.crn  AS componente_crn
FROM inscripcion i
JOIN usuario u ON u.id = i.estudiante_id
JOIN seccion s ON s.id = i.seccion_id
JOIN materia m ON m.id = s.materia_id
JOIN carrera c ON c.id = s.carrera_id
JOIN periodo p ON p.id = s.periodo_id
JOIN seccion_componente sc ON sc.seccion_id = s.id;

CREATE OR REPLACE VIEW vw_oferta_periodo AS
SELECT
    p.codigo AS periodo,
    s.id AS seccion_id,
    m.codigo_materia,
    m.nombre_materia,
    c.codigo_carrera,
    s.grupo,
    s.modalidad,
    s.estado,
    MAX(CASE WHEN sc.tipo='continua'   THEN sc.crn END) AS crn_continua,
    MAX(CASE WHEN sc.tipo='blackboard' THEN sc.crn END) AS crn_blackboard,
    MAX(CASE WHEN sc.tipo='examen'     THEN sc.crn END) AS crn_examen
FROM seccion s
JOIN periodo p ON p.id = s.periodo_id
JOIN materia m ON m.id = s.materia_id
JOIN carrera c ON c.id = s.carrera_id
LEFT JOIN seccion_componente sc ON sc.seccion_id = s.id
GROUP BY p.codigo, s.id, m.codigo_materia, m.nombre_materia, c.codigo_carrera, s.grupo, s.modalidad, s.estado;

CREATE OR REPLACE VIEW vw_componente_parcial_alumno AS
SELECT
    i.id AS inscripcion_id,
    a.seccion_id,
    a.parcial_id,
    a.componente,
    ROUND(SUM(COALESCE(ca.calificacion, 0) * a.peso_en_componente) / 100, 2) AS calificacion_componente
FROM actividad a
JOIN inscripcion i ON i.seccion_id = a.seccion_id AND i.estado='inscrito'
LEFT JOIN calificacion_actividad ca
       ON ca.actividad_id = a.id AND ca.inscripcion_id = i.id
WHERE a.estado='activa'
GROUP BY i.id, a.seccion_id, a.parcial_id, a.componente;

CREATE OR REPLACE VIEW vw_final_parcial_alumno AS
SELECT
    i.id AS inscripcion_id,
    s.id AS seccion_id,
    p.id AS parcial_id,

    MAX(CASE WHEN v.componente='blackboard' THEN v.calificacion_componente END) AS bb_calc,
    MAX(CASE WHEN v.componente='continua'   THEN v.calificacion_componente END) AS ec_calc,
    ep.calificacion AS ex_parcial,

    MAX(CASE WHEN sc.tipo='blackboard' THEN sc.peso_porcentaje END) AS peso_bb,
    MAX(CASE WHEN sc.tipo='continua'   THEN sc.peso_porcentaje END) AS peso_ec,
    MAX(CASE WHEN sc.tipo='examen'     THEN sc.peso_porcentaje END) AS peso_ex,

    ROUND(
        (
            COALESCE(MAX(CASE WHEN v.componente='blackboard' THEN v.calificacion_componente END), 0)
            * COALESCE(MAX(CASE WHEN sc.tipo='blackboard' THEN sc.peso_porcentaje END), 0)
            +
            COALESCE(MAX(CASE WHEN v.componente='continua' THEN v.calificacion_componente END), 0)
            * COALESCE(MAX(CASE WHEN sc.tipo='continua' THEN sc.peso_porcentaje END), 0)
            +
            COALESCE(ep.calificacion, 0)
            * COALESCE(MAX(CASE WHEN sc.tipo='examen' THEN sc.peso_porcentaje END), 0)
        ) / 100
    , 2) AS final_parcial
FROM inscripcion i
JOIN seccion s ON s.id = i.seccion_id
JOIN parcial p ON p.id IN (1,2,3)
LEFT JOIN vw_componente_parcial_alumno v
       ON v.inscripcion_id = i.id AND v.parcial_id = p.id
LEFT JOIN calificacion_examen_parcial ep
       ON ep.inscripcion_id = i.id AND ep.parcial_id = p.id
LEFT JOIN seccion_componente sc
       ON sc.seccion_id = s.id AND sc.estado='activo'
WHERE i.estado='inscrito'
GROUP BY i.id, s.id, p.id, ep.calificacion;

CREATE OR REPLACE VIEW vw_docente_clases_alumnos AS
SELECT
    s.docente_id,

    s.id AS seccion_id,
    s.grupo,
    s.modalidad,
    s.estado AS seccion_estado,

    p.id AS periodo_id,
    p.codigo AS periodo_codigo,

    c.id AS carrera_id,
    c.codigo_carrera,
    c.nombre_carrera,

    m.id AS materia_id,
    m.codigo_materia,
    m.nombre_materia,
    m.tipo_evaluacion,

    MAX(CASE WHEN sc.tipo = 'continua'   THEN sc.crn END) AS crn_continua,
    MAX(CASE WHEN sc.tipo = 'blackboard' THEN sc.crn END) AS crn_blackboard,
    MAX(CASE WHEN sc.tipo = 'examen'     THEN sc.crn END) AS crn_examen,

    MAX(CASE WHEN sc.tipo = 'continua'   THEN sc.peso_porcentaje END) AS peso_continua_db,
    MAX(CASE WHEN sc.tipo = 'blackboard' THEN sc.peso_porcentaje END) AS peso_blackboard_db,
    MAX(CASE WHEN sc.tipo = 'examen'     THEN sc.peso_porcentaje END) AS peso_examen_db,

    i.id AS inscripcion_id,
    i.estado AS inscripcion_estado,

    u.id AS estudiante_id,
    u.nombre_completo AS estudiante_nombre,
    u.matricula AS estudiante_matricula,
    u.correo AS estudiante_correo,

    MAX(fp.bb_calc)       AS bb_calc,
    MAX(fp.ec_calc)       AS ec_calc,
    MAX(fp.ex_parcial)    AS ex_parcial,
    MAX(fp.final_parcial) AS final_parcial
FROM seccion s
JOIN periodo p ON p.id = s.periodo_id
JOIN carrera c ON c.id = s.carrera_id
JOIN materia m ON m.id = s.materia_id
LEFT JOIN seccion_componente sc
       ON sc.seccion_id = s.id AND sc.estado='activo'
LEFT JOIN inscripcion i
       ON i.seccion_id = s.id AND i.estado='inscrito'
LEFT JOIN usuario u
       ON u.id = i.estudiante_id
LEFT JOIN vw_final_parcial_alumno fp
       ON fp.inscripcion_id = i.id
      AND fp.parcial_id = 1
GROUP BY
    s.docente_id,
    s.id, s.grupo, s.modalidad, s.estado,
    p.id, p.codigo,
    c.id, c.codigo_carrera, c.nombre_carrera,
    m.id, m.codigo_materia, m.nombre_materia, m.tipo_evaluacion,
    i.id, i.estado,
    u.id, u.nombre_completo, u.matricula, u.correo;

CREATE OR REPLACE VIEW vw_final_semestre_alumno AS
SELECT
    i.id AS inscripcion_id,
    s.id AS seccion_id,

    ROUND(
        SUM(COALESCE(fp.final_parcial, 0) * spc.peso_semestre) / 50
        * 50
        +
        COALESCE(ef.calificacion, 0) * 0.50
    , 2) AS final_semestre
FROM inscripcion i
JOIN seccion s ON s.id = i.seccion_id
LEFT JOIN seccion_parcial_config spc
       ON spc.seccion_id = s.id
LEFT JOIN vw_final_parcial_alumno fp
       ON fp.inscripcion_id = i.id AND fp.parcial_id = spc.parcial_id
LEFT JOIN calificacion_examen_final ef
       ON ef.inscripcion_id = i.id
WHERE i.estado='inscrito'
GROUP BY i.id, s.id, ef.calificacion;

-- =========================================================
--  14) SEED / DUMMIES (TODO AL FINAL)
-- =========================================================

-- -------------------------
--  14.1 ROLES
-- -------------------------
INSERT INTO rol (id, nombre, descripcion) VALUES
(1, 'admin', 'Administrador'),
(2, 'coordinador', 'Coordinador de área'),
(3, 'docente_tc', 'Docente tiempo completo'),
(4, 'docente_general', 'Docente general'),
(5, 'estudiante', 'Alumno');

-- -------------------------
--  14.2 USUARIOS
-- -------------------------
INSERT INTO usuario
(id, rol_id, nombre_completo, correo, matricula, password_hash, estado, created_at, updated_at)
VALUES
-- Admin
(1, 1, 'Admin Juan Pablo', 'admin@uvm.edu', 100136748,
 '$2y$10$oYY3wqyPFkyN2nEUsXFktO.Xb9xKrXtTnS614ENDHifwAWn8jBrKq', 'activo', NOW(), NOW()),

-- Coordinadores base
(2, 2, 'Coord Sistemas Oscar', 'oscar.coordinador@uvm.edu', 100136749,
 '$2y$10$oYY3wqyPFkyN2nEUsXFktO.Xb9xKrXtTnS614ENDHifwAWn8jBrKq', 'activo', NOW(), NOW()),
(3, 2, 'Coord Salud Maria', 'maria.coordinador@uvm.edu', 100136750,
 '$2y$10$oYY3wqyPFkyN2nEUsXFktO.Xb9xKrXtTnS614ENDHifwAWn8jBrKq', 'activo', NOW(), NOW()),

-- Coordinador extra
(12, 2, 'Coord Negocios Laura', 'laura.coordinador@uvm.edu', 100136751,
 '$2y$10$oYY3wqyPFkyN2nEUsXFktO.Xb9xKrXtTnS614ENDHifwAWn8jBrKq', 'activo', NOW(), NOW()),

-- Docentes base
(4, 4, 'Docente General Ericka', 'ericka.docente@uvm.edu', 100136755,
 '$2y$10$oYY3wqyPFkyN2nEUsXFktO.Xb9xKrXtTnS614ENDHifwAWn8jBrKq', 'activo', NOW(), NOW()),
(5, 3, 'Docente TC Carcaño', 'carcano.tc@uvm.edu', 100136756,
 '$2y$10$oYY3wqyPFkyN2nEUsXFktO.Xb9xKrXtTnS614ENDHifwAWn8jBrKq', 'activo', NOW(), NOW()),

-- Docentes extra
(13, 4, 'Docente General Raul', 'raul.docente@uvm.edu', 100136757,
 '$2y$10$oYY3wqyPFkyN2nEUsXFktO.Xb9xKrXtTnS614ENDHifwAWn8jBrKq', 'activo', NOW(), NOW()),
(14, 4, 'Docente General Fernanda', 'fernanda.docente@uvm.edu', 100136758,
 '$2y$10$oYY3wqyPFkyN2nEUsXFktO.Xb9xKrXtTnS614ENDHifwAWn8jBrKq', 'activo', NOW(), NOW()),
(15, 3, 'Docente TC Gomez', 'gomez.tc@uvm.edu', 100136759,
 '$2y$10$oYY3wqyPFkyN2nEUsXFktO.Xb9xKrXtTnS614ENDHifwAWn8jBrKq', 'activo', NOW(), NOW()),

-- Estudiantes base
(6, 5, 'Ana Torres', 'ana.torres@uvm.edu', 100200001,
 '$2y$10$oYY3wqyPFkyN2nEUsXFktO.Xb9xKrXtTnS614ENDHifwAWn8jBrKq', 'activo', NOW(), NOW()),
(7, 5, 'Luis Herrera', 'luis.herrera@uvm.edu', 100200002,
 '$2y$10$oYY3wqyPFkyN2nEUsXFktO.Xb9xKrXtTnS614ENDHifwAWn8jBrKq', 'activo', NOW(), NOW()),
(8, 5, 'Sofia Reyes', 'sofia.reyes@uvm.edu', 100200003,
 '$2y$10$oYY3wqyPFkyN2nEUsXFktO.Xb9xKrXtTnS614ENDHifwAWn8jBrKq', 'activo', NOW(), NOW()),
(9, 5, 'Diego Cruz', 'diego.cruz@uvm.edu', 100200004,
 '$2y$10$oYY3wqyPFkyN2nEUsXFktO.Xb9xKrXtTnS614ENDHifwAWn8jBrKq', 'activo', NOW(), NOW()),
(10, 5, 'Valeria Medina', 'valeria.medina@uvm.edu', 100200005,
 '$2y$10$oYY3wqyPFkyN2nEUsXFktO.Xb9xKrXtTnS614ENDHifwAWn8jBrKq', 'activo', NOW(), NOW()),
(11, 5, 'Carlos Rios', 'carlos.rios@uvm.edu', 100200006,
 '$2y$10$oYY3wqyPFkyN2nEUsXFktO.Xb9xKrXtTnS614ENDHifwAWn8jBrKq', 'activo', NOW(), NOW()),

-- Estudiantes extra (más variedad)
(16, 5, 'Andrea Luna', 'andrea.luna@uvm.edu', 100200007,
 '$2y$10$oYY3wqyPFkyN2nEUsXFktO.Xb9xKrXtTnS614ENDHifwAWn8jBrKq', 'activo', NOW(), NOW()),
(17, 5, 'Jorge Salas', 'jorge.salas@uvm.edu', 100200008,
 '$2y$10$oYY3wqyPFkyN2nEUsXFktO.Xb9xKrXtTnS614ENDHifwAWn8jBrKq', 'activo', NOW(), NOW()),
(18, 5, 'Paola Nieto', 'paola.nieto@uvm.edu', 100200009,
 '$2y$10$oYY3wqyPFkyN2nEUsXFktO.Xb9xKrXtTnS614ENDHifwAWn8jBrKq', 'activo', NOW(), NOW()),
(19, 5, 'Ricardo Vega', 'ricardo.vega@uvm.edu', 100200010,
 '$2y$10$oYY3wqyPFkyN2nEUsXFktO.Xb9xKrXtTnS614ENDHifwAWn8jBrKq', 'activo', NOW(), NOW()),
(20, 5, 'Mariana Soto', 'mariana.soto@uvm.edu', 100200011,
 '$2y$10$oYY3wqyPFkyN2nEUsXFktO.Xb9xKrXtTnS614ENDHifwAWn8jBrKq', 'activo', NOW(), NOW()),
(21, 5, 'Hector Mena', 'hector.mena@uvm.edu', 100200012,
 '$2y$10$oYY3wqyPFkyN2nEUsXFktO.Xb9xKrXtTnS614ENDHifwAWn8jBrKq', 'activo', NOW(), NOW()),
(22, 5, 'Camila Ortiz', 'camila.ortiz@uvm.edu', 100200013,
 '$2y$10$oYY3wqyPFkyN2nEUsXFktO.Xb9xKrXtTnS614ENDHifwAWn8jBrKq', 'activo', NOW(), NOW()),
(23, 5, 'Ivan Ponce', 'ivan.ponce@uvm.edu', 100200014,
 '$2y$10$oYY3wqyPFkyN2nEUsXFktO.Xb9xKrXtTnS614ENDHifwAWn8jBrKq', 'activo', NOW(), NOW()),
(24, 5, 'Daniela Rojas', 'daniela.rojas@uvm.edu', 100200015,
 '$2y$10$oYY3wqyPFkyN2nEUsXFktO.Xb9xKrXtTnS614ENDHifwAWn8jBrKq', 'activo', NOW(), NOW()),
(25, 5, 'Sebastian Prado', 'sebastian.prado@uvm.edu', 100200016,
 '$2y$10$oYY3wqyPFkyN2nEUsXFktO.Xb9xKrXtTnS614ENDHifwAWn8jBrKq', 'activo', NOW(), NOW());

-- -------------------------
--  14.3 AREAS
-- -------------------------
INSERT INTO area (id, nombre, estado, created_at, updated_at) VALUES
(1, 'Ingenieria', 'activa', NOW(), NOW()),
(2, 'Salud',      'activa', NOW(), NOW()),
(3, 'Negocios',   'activa', NOW(), NOW());

-- -------------------------
--  14.4 PERFILES
-- -------------------------
INSERT INTO coordinador_profile (usuario_id, area_id, created_at, updated_at) VALUES
(2, 1, NOW(), NOW()),
(3, 2, NOW(), NOW()),
(12, 3, NOW(), NOW());

INSERT INTO docente_profile (usuario_id, categoria, created_at, updated_at) VALUES
(4,  'general',         NOW(), NOW()),
(5,  'tiempo_completo', NOW(), NOW()),
(13, 'general',         NOW(), NOW()),
(14, 'general',         NOW(), NOW()),
(15, 'tiempo_completo', NOW(), NOW());

-- -------------------------
--  14.5 CARRERAS
-- -------------------------
INSERT INTO carrera (id, nombre_carrera, codigo_carrera, area_id, coordinador_id, estado, created_at, updated_at) VALUES
(1, 'Sistemas',        'SC',  1, 2,  'activa', NOW(), NOW()),
(2, 'Mecatronica',     'MEC', 1, 2,  'activa', NOW(), NOW()),
(3, 'Medicina',        'MED', 2, 3,  'activa', NOW(), NOW()),
(4, 'Industrial',      'IND', 1, 2,  'activa', NOW(), NOW()),
(5, 'Enfermeria',      'ENF', 2, 3,  'activa', NOW(), NOW()),
(6, 'Administracion',  'ADM', 3, 12, 'activa', NOW(), NOW()),
(7, 'Finanzas',        'FIN', 3, 12, 'activa', NOW(), NOW());

-- -------------------------
--  14.6 ESTUDIANTE PROFILE
-- -------------------------
INSERT INTO estudiante_profile (usuario_id, carrera_id, created_at, updated_at) VALUES
(6,  1, NOW(), NOW()),
(7,  1, NOW(), NOW()),
(8,  2, NOW(), NOW()),
(9,  2, NOW(), NOW()),
(10, 3, NOW(), NOW()),
(11, 3, NOW(), NOW()),
(16, 1, NOW(), NOW()),
(17, 1, NOW(), NOW()),
(18, 4, NOW(), NOW()),
(19, 4, NOW(), NOW()),
(20, 5, NOW(), NOW()),
(21, 6, NOW(), NOW()),
(22, 6, NOW(), NOW()),
(23, 7, NOW(), NOW()),
(24, 7, NOW(), NOW()),
(25, 2, NOW(), NOW());

-- -------------------------
--  14.7 MATERIAS (más catálogo)
-- -------------------------
INSERT INTO materia (id, nombre_materia, codigo_materia, tipo_evaluacion, estado, created_at, updated_at) VALUES
(1, 'Matematicas',      'MATE01H', 'practica', 'activa', NOW(), NOW()),
(2, 'Cerebro',          'CERE01H', 'teorica',  'activa', NOW(), NOW()),
(3, 'Algebra',          'ALGE01H', 'practica', 'activa', NOW(), NOW()),
(4, 'Redes I',          'RED01H',  'practica', 'activa', NOW(), NOW()),
(5, 'Programacion I',   'PROG01H', 'practica', 'activa', NOW(), NOW()),
(6, 'Anatomia',         'ANAT01H', 'teorica',  'activa', NOW(), NOW()),
(7, 'Fisiologia',       'FISI01H', 'teorica',  'activa', NOW(), NOW()),
(8, 'Estadistica',      'ESTA01H', 'teorica',  'activa', NOW(), NOW()),
(9, 'Contabilidad',     'CONT01H', 'teorica',  'activa', NOW(), NOW()),
(10,'Economia',         'ECON01H', 'teorica',  'activa', NOW(), NOW());

-- -------------------------
--  14.8 CARRERA_MATERIA
-- -------------------------
INSERT INTO carrera_materia (carrera_id, materia_id, num_semestre, estado, created_at, updated_at) VALUES
-- Sistemas
(1, 1, 1, 'activa', NOW(), NOW()),
(1, 3, 1, 'activa', NOW(), NOW()),
(1, 5, 1, 'activa', NOW(), NOW()),
(1, 4, 2, 'activa', NOW(), NOW()),
(1, 8, 3, 'activa', NOW(), NOW()),

-- Mecatronica
(2, 1, 1, 'activa', NOW(), NOW()),
(2, 3, 1, 'activa', NOW(), NOW()),
(2, 8, 2, 'activa', NOW(), NOW()),

-- Industrial
(4, 1, 1, 'activa', NOW(), NOW()),
(4, 8, 2, 'activa', NOW(), NOW()),
(4, 4, 3, 'activa', NOW(), NOW()),

-- Medicina
(3, 2, 1, 'activa', NOW(), NOW()),
(3, 6, 1, 'activa', NOW(), NOW()),
(3, 7, 2, 'activa', NOW(), NOW()),

-- Enfermeria
(5, 6, 1, 'activa', NOW(), NOW()),
(5, 7, 1, 'activa', NOW(), NOW()),
(5, 8, 2, 'activa', NOW(), NOW()),

-- Administracion
(6, 9, 1, 'activa', NOW(), NOW()),
(6, 10,1, 'activa', NOW(), NOW()),
(6, 8, 2, 'activa', NOW(), NOW()),

-- Finanzas
(7, 10,1, 'activa', NOW(), NOW()),
(7, 9, 1, 'activa', NOW(), NOW()),
(7, 8, 2, 'activa', NOW(), NOW());

-- -------------------------
--  14.9 PERIODOS (más realistas)
-- -------------------------
INSERT INTO periodo (id, codigo, nombre, fecha_inicio, fecha_fin, estado, created_at, updated_at) VALUES
(1, '2025-C1', 'Primavera', '2025-02-20', '2025-07-17', 'cerrado',  NOW(), NOW()),
(2, '2025-C2', 'Otoño',     '2025-08-18', '2026-01-17', 'activo',   NOW(), NOW()),
(3, '2024-C2', 'Otoño',     '2024-08-19', '2025-01-18', 'cerrado',  NOW(), NOW()),
(4, '2026-C1', 'Primavera', '2026-02-19', '2026-07-16', 'planeado', NOW(), NOW());

-- -------------------------
--  14.10 SECCIONES
-- -------------------------
INSERT INTO seccion
(id, materia_id, carrera_id, periodo_id, grupo, docente_id, modalidad, estado, created_at, updated_at)
VALUES
-- =========================
-- Históricas 2025-C1
-- =========================
(1, 1, 1, 1, 'A', 5, 'presencial', 'activa', NOW(), NOW()), -- SC Mates A
(2, 1, 1, 1, 'B', 4, 'presencial', 'activa', NOW(), NOW()), -- SC Mates B
(3, 2, 3, 1, 'A', 4, 'presencial', 'activa', NOW(), NOW()), -- MED Cerebro A

-- =========================
-- Actuales 2025-C2 (más variedad)
-- =========================
(4, 1, 1, 2, 'A', 5,  'presencial', 'activa', NOW(), NOW()), -- SC Mates A
(5, 3, 1, 2, 'A', 15, 'presencial', 'activa', NOW(), NOW()), -- SC Algebra A
(6, 4, 1, 2, 'B', 13, 'presencial', 'activa', NOW(), NOW()), -- SC Redes I B
(7, 5, 1, 2, 'A', 14, 'mixta',      'activa', NOW(), NOW()), -- SC Prog I A

(8, 3, 2, 2, 'A', 15, 'presencial', 'activa', NOW(), NOW()), -- MEC Algebra A
(9, 8, 2, 2, 'A', 13, 'linea',      'activa', NOW(), NOW()), -- MEC Estadistica A

(10, 6, 3, 2, 'A', 4,  'presencial', 'activa', NOW(), NOW()), -- MED Anatomia A
(11, 7, 3, 2, 'A', 5,  'presencial', 'activa', NOW(), NOW()), -- MED Fisiologia A

(12, 6, 5, 2, 'A', 14, 'presencial', 'activa', NOW(), NOW()), -- ENF Anatomia A
(13, 8, 5, 2, 'B', 13, 'mixta',      'activa', NOW(), NOW()), -- ENF Estadistica B

(14, 9, 6, 2, 'A', 13, 'linea',      'activa', NOW(), NOW()), -- ADM Contabilidad A
(15, 10,6, 2, 'A', 14, 'presencial', 'activa', NOW(), NOW()), -- ADM Economia A

(16, 9, 7, 2, 'A', 15, 'presencial', 'activa', NOW(), NOW()), -- FIN Contabilidad A
(17, 10,7, 2, 'B', 13, 'linea',      'activa', NOW(), NOW()); -- FIN Economia B

-- -------------------------
--  14.11 SECCION_COMPONENTE (3 CRN c/u)
-- -------------------------
INSERT INTO seccion_componente
(seccion_id, tipo, crn, peso_porcentaje, estado, created_at, updated_at)
VALUES
-- 2025-C1 (prefijo 2501)
(1, 'blackboard', '2501-MATE-SC-A-BB',   50.00, 'activo', NOW(), NOW()),
(1, 'continua',   '2501-MATE-SC-A-CONT', 40.00, 'activo', NOW(), NOW()),
(1, 'examen',     '2501-MATE-SC-A-EX',   10.00, 'activo', NOW(), NOW()),

(2, 'blackboard', '2501-MATE-SC-B-BB',   50.00, 'activo', NOW(), NOW()),
(2, 'continua',   '2501-MATE-SC-B-CONT', 40.00, 'activo', NOW(), NOW()),
(2, 'examen',     '2501-MATE-SC-B-EX',   10.00, 'activo', NOW(), NOW()),

(3, 'blackboard', '2501-CERE-MED-A-BB',  50.00, 'activo', NOW(), NOW()),
(3, 'continua',   '2501-CERE-MED-A-CONT',20.00, 'activo', NOW(), NOW()),
(3, 'examen',     '2501-CERE-MED-A-EX',  30.00, 'activo', NOW(), NOW()),

-- 2025-C2 (prefijo 2502)
(4, 'blackboard', '2502-MATE-SC-A-BB',   50.00, 'activo', NOW(), NOW()),
(4, 'continua',   '2502-MATE-SC-A-CONT', 40.00, 'activo', NOW(), NOW()),
(4, 'examen',     '2502-MATE-SC-A-EX',   10.00, 'activo', NOW(), NOW()),

(5, 'blackboard', '2502-ALGE-SC-A-BB',   45.00, 'activo', NOW(), NOW()),
(5, 'continua',   '2502-ALGE-SC-A-CONT', 35.00, 'activo', NOW(), NOW()),
(5, 'examen',     '2502-ALGE-SC-A-EX',   20.00, 'activo', NOW(), NOW()),

(6, 'blackboard', '2502-RED1-SC-B-BB',   40.00, 'activo', NOW(), NOW()),
(6, 'continua',   '2502-RED1-SC-B-CONT', 40.00, 'activo', NOW(), NOW()),
(6, 'examen',     '2502-RED1-SC-B-EX',   20.00, 'activo', NOW(), NOW()),

(7, 'blackboard', '2502-PROG-SC-A-BB',   30.00, 'activo', NOW(), NOW()),
(7, 'continua',   '2502-PROG-SC-A-CONT', 50.00, 'activo', NOW(), NOW()),
(7, 'examen',     '2502-PROG-SC-A-EX',   20.00, 'activo', NOW(), NOW()),

(8, 'blackboard', '2502-ALGE-MEC-A-BB',  50.00, 'activo', NOW(), NOW()),
(8, 'continua',   '2502-ALGE-MEC-A-CONT',30.00, 'activo', NOW(), NOW()),
(8, 'examen',     '2502-ALGE-MEC-A-EX',  20.00, 'activo', NOW(), NOW()),

(9, 'blackboard', '2502-ESTA-MEC-A-BB',  60.00, 'activo', NOW(), NOW()),
(9, 'continua',   '2502-ESTA-MEC-A-CONT',20.00, 'activo', NOW(), NOW()),
(9, 'examen',     '2502-ESTA-MEC-A-EX',  20.00, 'activo', NOW(), NOW()),

(10,'blackboard', '2502-ANAT-MED-A-BB',  50.00, 'activo', NOW(), NOW()),
(10,'continua',   '2502-ANAT-MED-A-CONT',25.00, 'activo', NOW(), NOW()),
(10,'examen',     '2502-ANAT-MED-A-EX',  25.00, 'activo', NOW(), NOW()),

(11,'blackboard', '2502-FISI-MED-A-BB',  50.00, 'activo', NOW(), NOW()),
(11,'continua',   '2502-FISI-MED-A-CONT',20.00, 'activo', NOW(), NOW()),
(11,'examen',     '2502-FISI-MED-A-EX',  30.00, 'activo', NOW(), NOW()),

(12,'blackboard', '2502-ANAT-ENF-A-BB',  55.00, 'activo', NOW(), NOW()),
(12,'continua',   '2502-ANAT-ENF-A-CONT',25.00, 'activo', NOW(), NOW()),
(12,'examen',     '2502-ANAT-ENF-A-EX',  20.00, 'activo', NOW(), NOW()),

(13,'blackboard', '2502-ESTA-ENF-B-BB',  50.00, 'activo', NOW(), NOW()),
(13,'continua',   '2502-ESTA-ENF-B-CONT',30.00, 'activo', NOW(), NOW()),
(13,'examen',     '2502-ESTA-ENF-B-EX',  20.00, 'activo', NOW(), NOW()),

(14,'blackboard', '2502-CONT-ADM-A-BB',  40.00, 'activo', NOW(), NOW()),
(14,'continua',   '2502-CONT-ADM-A-CONT',40.00, 'activo', NOW(), NOW()),
(14,'examen',     '2502-CONT-ADM-A-EX',  20.00, 'activo', NOW(), NOW()),

(15,'blackboard', '2502-ECON-ADM-A-BB',  45.00, 'activo', NOW(), NOW()),
(15,'continua',   '2502-ECON-ADM-A-CONT',35.00, 'activo', NOW(), NOW()),
(15,'examen',     '2502-ECON-ADM-A-EX',  20.00, 'activo', NOW(), NOW()),

(16,'blackboard', '2502-CONT-FIN-A-BB',  50.00, 'activo', NOW(), NOW()),
(16,'continua',   '2502-CONT-FIN-A-CONT',20.00, 'activo', NOW(), NOW()),
(16,'examen',     '2502-CONT-FIN-A-EX',  30.00, 'activo', NOW(), NOW()),

(17,'blackboard', '2502-ECON-FIN-B-BB',  50.00, 'activo', NOW(), NOW()),
(17,'continua',   '2502-ECON-FIN-B-CONT',25.00, 'activo', NOW(), NOW()),
(17,'examen',     '2502-ECON-FIN-B-EX',  25.00, 'activo', NOW(), NOW());

-- -------------------------
--  14.12 INSCRIPCIONES (más casos)
-- -------------------------
INSERT INTO inscripcion
(id, seccion_id, estudiante_id, estado, metodo, created_at, updated_at)
VALUES
-- 2025-C1
(1, 1, 6,  'inscrito', 'presencial', NOW(), NOW()),
(2, 1, 7,  'inscrito', 'presencial', NOW(), NOW()),
(3, 2, 6,  'inscrito', 'presencial', NOW(), NOW()),
(4, 3, 10, 'inscrito', 'presencial', NOW(), NOW()),
(5, 3, 11, 'inscrito', 'presencial', NOW(), NOW()),

-- 2025-C2 Sistemas
(6, 4, 16, 'inscrito', 'presencial', NOW(), NOW()),
(7, 4, 17, 'inscrito', 'presencial', NOW(), NOW()),
(8, 5, 6,  'inscrito', 'presencial', NOW(), NOW()),
(9, 5, 7,  'inscrito', 'presencial', NOW(), NOW()),
(10,6, 16, 'inscrito', 'presencial', NOW(), NOW()),
(11,7, 17, 'inscrito', 'linea',      NOW(), NOW()),

-- Mecatronica
(12,8, 8,  'inscrito', 'presencial', NOW(), NOW()),
(13,8, 9,  'inscrito', 'presencial', NOW(), NOW()),
(14,9, 25, 'inscrito', 'linea',      NOW(), NOW()),

-- Medicina / Enfermeria
(15,10,10, 'inscrito', 'presencial', NOW(), NOW()),
(16,10,11, 'inscrito', 'presencial', NOW(), NOW()),
(17,11,10, 'inscrito', 'presencial', NOW(), NOW()),
(18,12,20, 'inscrito', 'presencial', NOW(), NOW()),
(19,13,20, 'inscrito', 'mixta',      NOW(), NOW()),

-- Administracion
(20,14,21, 'inscrito', 'linea',      NOW(), NOW()),
(21,15,22, 'inscrito', 'presencial', NOW(), NOW()),

-- Finanzas
(22,16,23, 'inscrito', 'presencial', NOW(), NOW()),
(23,17,24, 'inscrito', 'linea',      NOW(), NOW());

-- -------------------------
--  14.13 PARCIALES
-- -------------------------
INSERT INTO parcial (id, nombre, orden) VALUES
(1, 'Parcial 1', 1),
(2, 'Parcial 2', 2),
(3, 'Parcial 3', 3);

-- -------------------------
--  14.14 CONFIG PARCIALES POR SECCION
-- -------------------------
INSERT INTO seccion_parcial_config (seccion_id, parcial_id, peso_semestre)
SELECT s.id, p.id,
       CASE p.id
           WHEN 1 THEN 16.67
           WHEN 2 THEN 16.67
           WHEN 3 THEN 16.66
       END
FROM seccion s
CROSS JOIN parcial p;

-- -------------------------
--  14.15 ACTIVIDADES (más secciones)
-- -------------------------
INSERT INTO actividad
(id, seccion_id, parcial_id, componente, origen, nombre, peso_en_componente, created_at, updated_at)
VALUES
-- Seccion 1 (SC Mates A - 2025-C1) P1
(1, 1, 1, 'blackboard', 'blackboard', 'BB Tarea 1', 50.00, NOW(), NOW()),
(2, 1, 1, 'blackboard', 'blackboard', 'BB Tarea 2', 50.00, NOW(), NOW()),
(3, 1, 1, 'continua',   'teams',      'Teams Actividad 1', 60.00, NOW(), NOW()),
(4, 1, 1, 'continua',   'teams',      'Teams Actividad 2', 40.00, NOW(), NOW()),

-- Seccion 3 (MED Cerebro A - 2025-C1) P1
(5, 3, 1, 'blackboard', 'blackboard', 'BB Caso 1', 100.00, NOW(), NOW()),
(6, 3, 1, 'continua',   'teams',      'Teams Reporte 1', 100.00, NOW(), NOW()),

-- Seccion 4 (SC Mates A - 2025-C2) P1
(7, 4, 1, 'blackboard', 'blackboard', 'BB Quiz 1', 40.00, NOW(), NOW()),
(8, 4, 1, 'blackboard', 'blackboard', 'BB Quiz 2', 60.00, NOW(), NOW()),
(9, 4, 1, 'continua',   'teams',      'Teams Taller 1', 50.00, NOW(), NOW()),
(10,4, 1, 'continua',   'teams',      'Teams Taller 2', 50.00, NOW(), NOW()),

-- Seccion 5 (SC Algebra A - 2025-C2) P1
(11,5, 1, 'blackboard', 'blackboard', 'BB Ejercicios 1', 100.00, NOW(), NOW()),
(12,5, 1, 'continua',   'manual',     'Practica Aula 1', 100.00, NOW(), NOW()),

-- Seccion 7 (SC Prog I A - 2025-C2) P1
(13,7, 1, 'blackboard', 'blackboard', 'BB Proyecto 1', 100.00, NOW(), NOW()),
(14,7, 1, 'continua',   'teams',      'Code Review 1', 100.00, NOW(), NOW()),

-- Seccion 10 (MED Anatomia A - 2025-C2) P1
(15,10,1, 'blackboard', 'blackboard', 'BB Guia 1', 100.00, NOW(), NOW()),
(16,10,1, 'continua',   'teams',      'Practica Lab 1', 100.00, NOW(), NOW()),

-- Seccion 14 (ADM Contabilidad A - 2025-C2) P1
(17,14,1, 'blackboard', 'blackboard', 'BB Caso 1', 100.00, NOW(), NOW()),
(18,14,1, 'continua',   'teams',      'Teams Ejercicio 1', 100.00, NOW(), NOW());

-- -------------------------
--  14.16 CALIFICACION ACTIVIDAD
-- -------------------------
INSERT INTO calificacion_actividad
(actividad_id, inscripcion_id, calificacion, created_at, updated_at)
VALUES
-- Seccion 1 (insc 1,2)
(1, 1, 90.00, NOW(), NOW()),
(2, 1, 80.00, NOW(), NOW()),
(3, 1, 85.00, NOW(), NOW()),
(4, 1, 95.00, NOW(), NOW()),
(1, 2, 70.00, NOW(), NOW()),
(2, 2, 75.00, NOW(), NOW()),
(3, 2, 88.00, NOW(), NOW()),
(4, 2, 92.00, NOW(), NOW()),

-- Seccion 3 (insc 4,5)
(5, 4, 86.00, NOW(), NOW()),
(6, 4, 90.00, NOW(), NOW()),
(5, 5, 78.00, NOW(), NOW()),
(6, 5, 85.00, NOW(), NOW()),

-- Seccion 4 (insc 6,7)
(7, 6, 92.00, NOW(), NOW()),
(8, 6, 88.00, NOW(), NOW()),
(9, 6, 95.00, NOW(), NOW()),
(10,6, 90.00, NOW(), NOW()),
(7, 7, 80.00, NOW(), NOW()),
(8, 7, 85.00, NOW(), NOW()),
(9, 7, 78.00, NOW(), NOW()),
(10,7, 82.00, NOW(), NOW()),

-- Seccion 5 (insc 8,9)
(11,8, 90.00, NOW(), NOW()),
(12,8, 88.00, NOW(), NOW()),
(11,9, 76.00, NOW(), NOW()),
(12,9, 80.00, NOW(), NOW()),

-- Seccion 7 (insc 11)
(13,11, 94.00, NOW(), NOW()),
(14,11, 96.00, NOW(), NOW()),

-- Seccion 10 (insc 15,16)
(15,15, 85.00, NOW(), NOW()),
(16,15, 90.00, NOW(), NOW()),
(15,16, 78.00, NOW(), NOW()),
(16,16, 84.00, NOW(), NOW()),

-- Seccion 14 (insc 20)
(17,20, 92.00, NOW(), NOW()),
(18,20, 88.00, NOW(), NOW());

-- -------------------------
--  14.17 EXAMEN PARCIAL P1
-- -------------------------
INSERT INTO calificacion_examen_parcial
(inscripcion_id, parcial_id, calificacion, created_at, updated_at)
VALUES
(1,  1, 88.00, NOW(), NOW()),
(2,  1, 80.00, NOW(), NOW()),
(4,  1, 84.00, NOW(), NOW()),
(5,  1, 79.00, NOW(), NOW()),
(6,  1, 90.00, NOW(), NOW()),
(7,  1, 82.00, NOW(), NOW()),
(8,  1, 86.00, NOW(), NOW()),
(9,  1, 78.00, NOW(), NOW()),
(11, 1, 95.00, NOW(), NOW()),
(15, 1, 88.00, NOW(), NOW()),
(16, 1, 80.00, NOW(), NOW()),
(20, 1, 90.00, NOW(), NOW());

-- -------------------------
--  14.18 EXAMEN FINAL
-- -------------------------
INSERT INTO calificacion_examen_final
(inscripcion_id, calificacion, created_at, updated_at)
VALUES
(1,  90.00, NOW(), NOW()),
(2,  82.00, NOW(), NOW()),
(4,  88.00, NOW(), NOW()),
(5,  80.00, NOW(), NOW()),
(6,  92.00, NOW(), NOW()),
(7,  85.00, NOW(), NOW()),
(15, 90.00, NOW(), NOW()),
(16, 84.00, NOW(), NOW()),
(20, 88.00, NOW(), NOW());


-- =========================================================
--  14.19 DUMMIES EXTRA (FIN DE SEMESTRE - MÁS ALUMNOS/CLASES/CALIFICACIONES)
--  * NO SE MODIFICA NADA EXISTENTE, SOLO SE AGREGAN INSERTS
-- =========================================================

-- 14.19.1 MÁS ESTUDIANTES
INSERT INTO usuario
(id, rol_id, nombre_completo, correo, matricula, password_hash, estado, created_at, updated_at)
VALUES
(26, 5, 'Omar Bautista', 'omar.bautista@uvm.edu', 100200017,
 '$2y$10$oYY3wqyPFkyN2nEUsXFktO.Xb9xKrXtTnS614ENDHifwAWn8jBrKq', 'activo', NOW(), NOW()),
(27, 5, 'Francisco Pérez', 'francisco.perez@uvm.edu', 100200018,
 '$2y$10$oYY3wqyPFkyN2nEUsXFktO.Xb9xKrXtTnS614ENDHifwAWn8jBrKq', 'activo', NOW(), NOW()),
(28, 5, 'Natalia Zúñiga', 'natalia.zuniga@uvm.edu', 100200019,
 '$2y$10$oYY3wqyPFkyN2nEUsXFktO.Xb9xKrXtTnS614ENDHifwAWn8jBrKq', 'activo', NOW(), NOW()),
(29, 5, 'Teresa Flores', 'teresa.flores@uvm.edu', 100200020,
 '$2y$10$oYY3wqyPFkyN2nEUsXFktO.Xb9xKrXtTnS614ENDHifwAWn8jBrKq', 'activo', NOW(), NOW()),
(30, 5, 'Emilio Bautista', 'emilio.bautista@uvm.edu', 100200021,
 '$2y$10$oYY3wqyPFkyN2nEUsXFktO.Xb9xKrXtTnS614ENDHifwAWn8jBrKq', 'activo', NOW(), NOW()),
(31, 5, 'David Hidalgo', 'david.hidalgo@uvm.edu', 100200022,
 '$2y$10$oYY3wqyPFkyN2nEUsXFktO.Xb9xKrXtTnS614ENDHifwAWn8jBrKq', 'activo', NOW(), NOW()),
(32, 5, 'Zulema Reyes', 'zulema.reyes@uvm.edu', 100200023,
 '$2y$10$oYY3wqyPFkyN2nEUsXFktO.Xb9xKrXtTnS614ENDHifwAWn8jBrKq', 'activo', NOW(), NOW()),
(33, 5, 'Teresa Bravo', 'teresa.bravo@uvm.edu', 100200024,
 '$2y$10$oYY3wqyPFkyN2nEUsXFktO.Xb9xKrXtTnS614ENDHifwAWn8jBrKq', 'activo', NOW(), NOW()),
(34, 5, 'Javier Aguilar', 'javier.aguilar@uvm.edu', 100200025,
 '$2y$10$oYY3wqyPFkyN2nEUsXFktO.Xb9xKrXtTnS614ENDHifwAWn8jBrKq', 'activo', NOW(), NOW()),
(35, 5, 'Ulises Cortés', 'ulises.cortes@uvm.edu', 100200026,
 '$2y$10$oYY3wqyPFkyN2nEUsXFktO.Xb9xKrXtTnS614ENDHifwAWn8jBrKq', 'activo', NOW(), NOW()),
(36, 5, 'Javier Jiménez', 'javier.jimenez@uvm.edu', 100200027,
 '$2y$10$oYY3wqyPFkyN2nEUsXFktO.Xb9xKrXtTnS614ENDHifwAWn8jBrKq', 'activo', NOW(), NOW()),
(37, 5, 'Silvia García', 'silvia.garcia@uvm.edu', 100200028,
 '$2y$10$oYY3wqyPFkyN2nEUsXFktO.Xb9xKrXtTnS614ENDHifwAWn8jBrKq', 'activo', NOW(), NOW()),
(38, 5, 'Manuel Xicoténcatl', 'manuel.xicotencatl@uvm.edu', 100200029,
 '$2y$10$oYY3wqyPFkyN2nEUsXFktO.Xb9xKrXtTnS614ENDHifwAWn8jBrKq', 'activo', NOW(), NOW()),
(39, 5, 'Hugo Cano', 'hugo.cano@uvm.edu', 100200030,
 '$2y$10$oYY3wqyPFkyN2nEUsXFktO.Xb9xKrXtTnS614ENDHifwAWn8jBrKq', 'activo', NOW(), NOW()),
(40, 5, 'Sofía Hernández', 'sofia.hernandez@uvm.edu', 100200031,
 '$2y$10$oYY3wqyPFkyN2nEUsXFktO.Xb9xKrXtTnS614ENDHifwAWn8jBrKq', 'activo', NOW(), NOW()),
(41, 5, 'Xavier Flores', 'xavier.flores@uvm.edu', 100200032,
 '$2y$10$oYY3wqyPFkyN2nEUsXFktO.Xb9xKrXtTnS614ENDHifwAWn8jBrKq', 'activo', NOW(), NOW()),
(42, 5, 'Valentina Núñez', 'valentina.nunez@uvm.edu', 100200033,
 '$2y$10$oYY3wqyPFkyN2nEUsXFktO.Xb9xKrXtTnS614ENDHifwAWn8jBrKq', 'inactivo', NOW(), NOW()),
(43, 5, 'Ismael Cano', 'ismael.cano@uvm.edu', 100200034,
 '$2y$10$oYY3wqyPFkyN2nEUsXFktO.Xb9xKrXtTnS614ENDHifwAWn8jBrKq', 'activo', NOW(), NOW()),
(44, 5, 'Leonardo Flores', 'leonardo.flores@uvm.edu', 100200035,
 '$2y$10$oYY3wqyPFkyN2nEUsXFktO.Xb9xKrXtTnS614ENDHifwAWn8jBrKq', 'activo', NOW(), NOW()),
(45, 5, 'Manuel Zamora', 'manuel.zamora@uvm.edu', 100200036,
 '$2y$10$oYY3wqyPFkyN2nEUsXFktO.Xb9xKrXtTnS614ENDHifwAWn8jBrKq', 'activo', NOW(), NOW()),
(46, 5, 'Valentina Lozano', 'valentina.lozano@uvm.edu', 100200037,
 '$2y$10$oYY3wqyPFkyN2nEUsXFktO.Xb9xKrXtTnS614ENDHifwAWn8jBrKq', 'inactivo', NOW(), NOW()),
(47, 5, 'Arturo Valdez', 'arturo.valdez@uvm.edu', 100200038,
 '$2y$10$oYY3wqyPFkyN2nEUsXFktO.Xb9xKrXtTnS614ENDHifwAWn8jBrKq', 'activo', NOW(), NOW()),
(48, 5, 'Jimena Padilla', 'jimena.padilla@uvm.edu', 100200039,
 '$2y$10$oYY3wqyPFkyN2nEUsXFktO.Xb9xKrXtTnS614ENDHifwAWn8jBrKq', 'activo', NOW(), NOW()),
(49, 5, 'Sofía Rangel', 'sofia.rangel@uvm.edu', 100200040,
 '$2y$10$oYY3wqyPFkyN2nEUsXFktO.Xb9xKrXtTnS614ENDHifwAWn8jBrKq', 'activo', NOW(), NOW()),
(50, 5, 'Iván Zamora', 'ivan.zamora@uvm.edu', 100200041,
 '$2y$10$oYY3wqyPFkyN2nEUsXFktO.Xb9xKrXtTnS614ENDHifwAWn8jBrKq', 'activo', NOW(), NOW()),
(51, 5, 'Carolina Zúñiga', 'carolina.zuniga@uvm.edu', 100200042,
 '$2y$10$oYY3wqyPFkyN2nEUsXFktO.Xb9xKrXtTnS614ENDHifwAWn8jBrKq', 'activo', NOW(), NOW()),
(52, 5, 'Hilda Pérez', 'hilda.perez@uvm.edu', 100200043,
 '$2y$10$oYY3wqyPFkyN2nEUsXFktO.Xb9xKrXtTnS614ENDHifwAWn8jBrKq', 'activo', NOW(), NOW()),
(53, 5, 'Orlando Alvarado', 'orlando.alvarado@uvm.edu', 100200044,
 '$2y$10$oYY3wqyPFkyN2nEUsXFktO.Xb9xKrXtTnS614ENDHifwAWn8jBrKq', 'activo', NOW(), NOW()),
(54, 5, 'Berenice Núñez', 'berenice.nunez@uvm.edu', 100200045,
 '$2y$10$oYY3wqyPFkyN2nEUsXFktO.Xb9xKrXtTnS614ENDHifwAWn8jBrKq', 'activo', NOW(), NOW()),
(55, 5, 'Orlando Orozco', 'orlando.orozco@uvm.edu', 100200046,
 '$2y$10$oYY3wqyPFkyN2nEUsXFktO.Xb9xKrXtTnS614ENDHifwAWn8jBrKq', 'activo', NOW(), NOW()),
(56, 5, 'Zoé Téllez', 'zoe.tellez@uvm.edu', 100200047,
 '$2y$10$oYY3wqyPFkyN2nEUsXFktO.Xb9xKrXtTnS614ENDHifwAWn8jBrKq', 'activo', NOW(), NOW()),
(57, 5, 'Hugo Ibarra', 'hugo.ibarra@uvm.edu', 100200048,
 '$2y$10$oYY3wqyPFkyN2nEUsXFktO.Xb9xKrXtTnS614ENDHifwAWn8jBrKq', 'activo', NOW(), NOW()),
(58, 5, 'Sofía Ramírez', 'sofia.ramirez@uvm.edu', 100200049,
 '$2y$10$oYY3wqyPFkyN2nEUsXFktO.Xb9xKrXtTnS614ENDHifwAWn8jBrKq', 'activo', NOW(), NOW()),
(59, 5, 'Daniel Ortega', 'daniel.ortega@uvm.edu', 100200050,
 '$2y$10$oYY3wqyPFkyN2nEUsXFktO.Xb9xKrXtTnS614ENDHifwAWn8jBrKq', 'activo', NOW(), NOW()),
(60, 5, 'Carolina Ibarra', 'carolina.ibarra@uvm.edu', 100200051,
 '$2y$10$oYY3wqyPFkyN2nEUsXFktO.Xb9xKrXtTnS614ENDHifwAWn8jBrKq', 'activo', NOW(), NOW()),
(61, 5, 'Lorena Soto', 'lorena.soto@uvm.edu', 100200052,
 '$2y$10$oYY3wqyPFkyN2nEUsXFktO.Xb9xKrXtTnS614ENDHifwAWn8jBrKq', 'activo', NOW(), NOW()),
(62, 5, 'Omar Jiménez', 'omar.jimenez@uvm.edu', 100200053,
 '$2y$10$oYY3wqyPFkyN2nEUsXFktO.Xb9xKrXtTnS614ENDHifwAWn8jBrKq', 'activo', NOW(), NOW()),
(63, 5, 'Daniel Padilla', 'daniel.padilla@uvm.edu', 100200054,
 '$2y$10$oYY3wqyPFkyN2nEUsXFktO.Xb9xKrXtTnS614ENDHifwAWn8jBrKq', 'activo', NOW(), NOW()),
(64, 5, 'Xavier Padilla', 'xavier.padilla@uvm.edu', 100200055,
 '$2y$10$oYY3wqyPFkyN2nEUsXFktO.Xb9xKrXtTnS614ENDHifwAWn8jBrKq', 'activo', NOW(), NOW()),
(65, 5, 'Raúl Ramírez', 'raul.ramirez@uvm.edu', 100200056,
 '$2y$10$oYY3wqyPFkyN2nEUsXFktO.Xb9xKrXtTnS614ENDHifwAWn8jBrKq', 'activo', NOW(), NOW()),
(66, 5, 'Brenda Zúñiga', 'brenda.zuniga@uvm.edu', 100200057,
 '$2y$10$oYY3wqyPFkyN2nEUsXFktO.Xb9xKrXtTnS614ENDHifwAWn8jBrKq', 'activo', NOW(), NOW()),
(67, 5, 'Sofía Soto', 'sofia.soto@uvm.edu', 100200058,
 '$2y$10$oYY3wqyPFkyN2nEUsXFktO.Xb9xKrXtTnS614ENDHifwAWn8jBrKq', 'activo', NOW(), NOW()),
(68, 5, 'Silvia Hernández', 'silvia.hernandez@uvm.edu', 100200059,
 '$2y$10$oYY3wqyPFkyN2nEUsXFktO.Xb9xKrXtTnS614ENDHifwAWn8jBrKq', 'activo', NOW(), NOW()),
(69, 5, 'Ulises Escobedo', 'ulises.escobedo@uvm.edu', 100200060,
 '$2y$10$oYY3wqyPFkyN2nEUsXFktO.Xb9xKrXtTnS614ENDHifwAWn8jBrKq', 'activo', NOW(), NOW()),
(70, 5, 'Hugo Hidalgo', 'hugo.hidalgo@uvm.edu', 100200061,
 '$2y$10$oYY3wqyPFkyN2nEUsXFktO.Xb9xKrXtTnS614ENDHifwAWn8jBrKq', 'activo', NOW(), NOW()),
(71, 5, 'Nicolás García', 'nicolas.garcia@uvm.edu', 100200062,
 '$2y$10$oYY3wqyPFkyN2nEUsXFktO.Xb9xKrXtTnS614ENDHifwAWn8jBrKq', 'activo', NOW(), NOW()),
(72, 5, 'Marisol Salinas', 'marisol.salinas@uvm.edu', 100200063,
 '$2y$10$oYY3wqyPFkyN2nEUsXFktO.Xb9xKrXtTnS614ENDHifwAWn8jBrKq', 'activo', NOW(), NOW()),
(73, 5, 'Zulema Jiménez', 'zulema.jimenez@uvm.edu', 100200064,
 '$2y$10$oYY3wqyPFkyN2nEUsXFktO.Xb9xKrXtTnS614ENDHifwAWn8jBrKq', 'activo', NOW(), NOW()),
(74, 5, 'Ulises Luna', 'ulises.luna@uvm.edu', 100200065,
 '$2y$10$oYY3wqyPFkyN2nEUsXFktO.Xb9xKrXtTnS614ENDHifwAWn8jBrKq', 'activo', NOW(), NOW()),
(75, 5, 'Raúl Aguilar', 'raul.aguilar@uvm.edu', 100200066,
 '$2y$10$oYY3wqyPFkyN2nEUsXFktO.Xb9xKrXtTnS614ENDHifwAWn8jBrKq', 'activo', NOW(), NOW()),
(76, 5, 'Luis Bautista', 'luis.bautista@uvm.edu', 100200067,
 '$2y$10$oYY3wqyPFkyN2nEUsXFktO.Xb9xKrXtTnS614ENDHifwAWn8jBrKq', 'activo', NOW(), NOW()),
(77, 5, 'Valentina Uribe', 'valentina.uribe@uvm.edu', 100200068,
 '$2y$10$oYY3wqyPFkyN2nEUsXFktO.Xb9xKrXtTnS614ENDHifwAWn8jBrKq', 'inactivo', NOW(), NOW()),
(78, 5, 'Elena Núñez', 'elena.nunez@uvm.edu', 100200069,
 '$2y$10$oYY3wqyPFkyN2nEUsXFktO.Xb9xKrXtTnS614ENDHifwAWn8jBrKq', 'activo', NOW(), NOW()),
(79, 5, 'Kevin Rangel', 'kevin.rangel@uvm.edu', 100200070,
 '$2y$10$oYY3wqyPFkyN2nEUsXFktO.Xb9xKrXtTnS614ENDHifwAWn8jBrKq', 'activo', NOW(), NOW()),
(80, 5, 'Ismael Soto', 'ismael.soto@uvm.edu', 100200071,
 '$2y$10$oYY3wqyPFkyN2nEUsXFktO.Xb9xKrXtTnS614ENDHifwAWn8jBrKq', 'activo', NOW(), NOW()),
(81, 5, 'Quetzal Ibarra', 'quetzal.ibarra@uvm.edu', 100200072,
 '$2y$10$oYY3wqyPFkyN2nEUsXFktO.Xb9xKrXtTnS614ENDHifwAWn8jBrKq', 'activo', NOW(), NOW()),
(82, 5, 'Verónica Ramírez', 'veronica.ramirez@uvm.edu', 100200073,
 '$2y$10$oYY3wqyPFkyN2nEUsXFktO.Xb9xKrXtTnS614ENDHifwAWn8jBrKq', 'activo', NOW(), NOW()),
(83, 5, 'Daniel Orozco', 'daniel.orozco@uvm.edu', 100200074,
 '$2y$10$oYY3wqyPFkyN2nEUsXFktO.Xb9xKrXtTnS614ENDHifwAWn8jBrKq', 'activo', NOW(), NOW()),
(84, 5, 'Zulema Reyes', 'zulema.reyes2@uvm.edu', 100200075,
 '$2y$10$oYY3wqyPFkyN2nEUsXFktO.Xb9xKrXtTnS614ENDHifwAWn8jBrKq', 'activo', NOW(), NOW()),
(85, 5, 'Wendy Domínguez', 'wendy.dominguez@uvm.edu', 100200076,
 '$2y$10$oYY3wqyPFkyN2nEUsXFktO.Xb9xKrXtTnS614ENDHifwAWn8jBrKq', 'activo', NOW(), NOW());

-- 14.19.2 PERFILES DE ESTUDIANTE (para los nuevos)
INSERT INTO estudiante_profile (usuario_id, carrera_id, created_at, updated_at) VALUES
(26, 5, NOW(), NOW()),
(27, 1, NOW(), NOW()),
(28, 5, NOW(), NOW()),
(29, 4, NOW(), NOW()),
(30, 1, NOW(), NOW()),
(31, 4, NOW(), NOW()),
(32, 4, NOW(), NOW()),
(33, 1, NOW(), NOW()),
(34, 5, NOW(), NOW()),
(35, 3, NOW(), NOW()),
(36, 1, NOW(), NOW()),
(37, 1, NOW(), NOW()),
(38, 6, NOW(), NOW()),
(39, 5, NOW(), NOW()),
(40, 7, NOW(), NOW()),
(41, 4, NOW(), NOW()),
(42, 1, NOW(), NOW()),
(43, 5, NOW(), NOW()),
(44, 6, NOW(), NOW()),
(45, 1, NOW(), NOW()),
(46, 2, NOW(), NOW()),
(47, 1, NOW(), NOW()),
(48, 4, NOW(), NOW()),
(49, 1, NOW(), NOW()),
(50, 1, NOW(), NOW()),
(51, 2, NOW(), NOW()),
(52, 6, NOW(), NOW()),
(53, 1, NOW(), NOW()),
(54, 6, NOW(), NOW()),
(55, 4, NOW(), NOW()),
(56, 3, NOW(), NOW()),
(57, 1, NOW(), NOW()),
(58, 5, NOW(), NOW()),
(59, 2, NOW(), NOW()),
(60, 3, NOW(), NOW()),
(61, 1, NOW(), NOW()),
(62, 4, NOW(), NOW()),
(63, 1, NOW(), NOW()),
(64, 7, NOW(), NOW()),
(65, 7, NOW(), NOW()),
(66, 5, NOW(), NOW()),
(67, 1, NOW(), NOW()),
(68, 2, NOW(), NOW()),
(69, 1, NOW(), NOW()),
(70, 5, NOW(), NOW()),
(71, 6, NOW(), NOW()),
(72, 3, NOW(), NOW()),
(73, 2, NOW(), NOW()),
(74, 7, NOW(), NOW()),
(75, 4, NOW(), NOW()),
(76, 1, NOW(), NOW()),
(77, 1, NOW(), NOW()),
(78, 7, NOW(), NOW()),
(79, 3, NOW(), NOW()),
(80, 3, NOW(), NOW()),
(81, 4, NOW(), NOW()),
(82, 3, NOW(), NOW()),
(83, 7, NOW(), NOW()),
(84, 2, NOW(), NOW()),
(85, 7, NOW(), NOW());

-- 14.19.3 MÁS SECCIONES (GRUPOS EXTRA - 2025-C2)
INSERT INTO seccion
(id, materia_id, carrera_id, periodo_id, grupo, docente_id, modalidad, estado, created_at, updated_at)
VALUES
(18, 1, 1, 2, 'C', 5, 'presencial', 'activa', NOW(), NOW()),
(19, 3, 1, 2, 'B', 15, 'presencial', 'activa', NOW(), NOW()),
(20, 4, 1, 2, 'A', 13, 'presencial', 'activa', NOW(), NOW()),
(21, 5, 1, 2, 'B', 14, 'mixta', 'activa', NOW(), NOW()),
(22, 8, 1, 2, 'A', 13, 'linea', 'activa', NOW(), NOW()),
(23, 1, 2, 2, 'B', 5, 'presencial', 'activa', NOW(), NOW()),
(24, 8, 2, 2, 'B', 13, 'linea', 'activa', NOW(), NOW()),
(25, 1, 4, 2, 'A', 5, 'presencial', 'activa', NOW(), NOW()),
(26, 4, 4, 2, 'A', 13, 'presencial', 'activa', NOW(), NOW()),
(27, 2, 3, 2, 'B', 4, 'presencial', 'activa', NOW(), NOW()),
(28, 7, 5, 2, 'A', 4, 'presencial', 'activa', NOW(), NOW()),
(29, 8, 6, 2, 'A', 14, 'linea', 'activa', NOW(), NOW()),
(30, 8, 7, 2, 'A', 13, 'presencial', 'activa', NOW(), NOW()),
(31, 8, 4, 2, 'B', 14, 'mixta', 'activa', NOW(), NOW());

-- 14.19.4 COMPONENTES POR SECCION (CRN + PESOS)
INSERT INTO seccion_componente
(seccion_id, tipo, crn, peso_porcentaje, estado, created_at, updated_at)
VALUES
(18, 'blackboard', '2502-MATE-SC-C-BB',   40.00, 'activo', NOW(), NOW()),
(18, 'continua',   '2502-MATE-SC-C-CONT', 40.00, 'activo', NOW(), NOW()),
(18, 'examen',     '2502-MATE-SC-C-EX',   20.00, 'activo', NOW(), NOW()),
(19, 'blackboard', '2502-ALGE-SC-B-BB',   40.00, 'activo', NOW(), NOW()),
(19, 'continua',   '2502-ALGE-SC-B-CONT', 40.00, 'activo', NOW(), NOW()),
(19, 'examen',     '2502-ALGE-SC-B-EX',   20.00, 'activo', NOW(), NOW()),
(20, 'blackboard', '2502-RED1-SC-A-BB',   40.00, 'activo', NOW(), NOW()),
(20, 'continua',   '2502-RED1-SC-A-CONT', 40.00, 'activo', NOW(), NOW()),
(20, 'examen',     '2502-RED1-SC-A-EX',   20.00, 'activo', NOW(), NOW()),
(21, 'blackboard', '2502-PROG-SC-B-BB',   40.00, 'activo', NOW(), NOW()),
(21, 'continua',   '2502-PROG-SC-B-CONT', 40.00, 'activo', NOW(), NOW()),
(21, 'examen',     '2502-PROG-SC-B-EX',   20.00, 'activo', NOW(), NOW()),
(22, 'blackboard', '2502-ESTA-SC-A-BB',   50.00, 'activo', NOW(), NOW()),
(22, 'continua',   '2502-ESTA-SC-A-CONT', 25.00, 'activo', NOW(), NOW()),
(22, 'examen',     '2502-ESTA-SC-A-EX',   25.00, 'activo', NOW(), NOW()),
(23, 'blackboard', '2502-MATE-MEC-B-BB',   40.00, 'activo', NOW(), NOW()),
(23, 'continua',   '2502-MATE-MEC-B-CONT', 40.00, 'activo', NOW(), NOW()),
(23, 'examen',     '2502-MATE-MEC-B-EX',   20.00, 'activo', NOW(), NOW()),
(24, 'blackboard', '2502-ESTA-MEC-B-BB',   50.00, 'activo', NOW(), NOW()),
(24, 'continua',   '2502-ESTA-MEC-B-CONT', 25.00, 'activo', NOW(), NOW()),
(24, 'examen',     '2502-ESTA-MEC-B-EX',   25.00, 'activo', NOW(), NOW()),
(25, 'blackboard', '2502-MATE-IND-A-BB',   40.00, 'activo', NOW(), NOW()),
(25, 'continua',   '2502-MATE-IND-A-CONT', 40.00, 'activo', NOW(), NOW()),
(25, 'examen',     '2502-MATE-IND-A-EX',   20.00, 'activo', NOW(), NOW()),
(26, 'blackboard', '2502-RED1-IND-A-BB',   40.00, 'activo', NOW(), NOW()),
(26, 'continua',   '2502-RED1-IND-A-CONT', 40.00, 'activo', NOW(), NOW()),
(26, 'examen',     '2502-RED1-IND-A-EX',   20.00, 'activo', NOW(), NOW()),
(27, 'blackboard', '2502-CERE-MED-B-BB',   50.00, 'activo', NOW(), NOW()),
(27, 'continua',   '2502-CERE-MED-B-CONT', 25.00, 'activo', NOW(), NOW()),
(27, 'examen',     '2502-CERE-MED-B-EX',   25.00, 'activo', NOW(), NOW()),
(28, 'blackboard', '2502-FISI-ENF-A-BB',   50.00, 'activo', NOW(), NOW()),
(28, 'continua',   '2502-FISI-ENF-A-CONT', 25.00, 'activo', NOW(), NOW()),
(28, 'examen',     '2502-FISI-ENF-A-EX',   25.00, 'activo', NOW(), NOW()),
(29, 'blackboard', '2502-ESTA-ADM-A-BB',   50.00, 'activo', NOW(), NOW()),
(29, 'continua',   '2502-ESTA-ADM-A-CONT', 25.00, 'activo', NOW(), NOW()),
(29, 'examen',     '2502-ESTA-ADM-A-EX',   25.00, 'activo', NOW(), NOW()),
(30, 'blackboard', '2502-ESTA-FIN-A-BB',   50.00, 'activo', NOW(), NOW()),
(30, 'continua',   '2502-ESTA-FIN-A-CONT', 25.00, 'activo', NOW(), NOW()),
(30, 'examen',     '2502-ESTA-FIN-A-EX',   25.00, 'activo', NOW(), NOW()),
(31, 'blackboard', '2502-ESTA-IND-B-BB',   50.00, 'activo', NOW(), NOW()),
(31, 'continua',   '2502-ESTA-IND-B-CONT', 25.00, 'activo', NOW(), NOW()),
(31, 'examen',     '2502-ESTA-IND-B-EX',   25.00, 'activo', NOW(), NOW());

-- 14.19.5 CONFIG PARCIALES PARA NUEVAS SECCIONES
INSERT INTO seccion_parcial_config (seccion_id, parcial_id, peso_semestre, created_at, updated_at) VALUES
(18, 1, 16.67, NOW(), NOW()),
(18, 2, 16.67, NOW(), NOW()),
(18, 3, 16.66, NOW(), NOW()),
(19, 1, 16.67, NOW(), NOW()),
(19, 2, 16.67, NOW(), NOW()),
(19, 3, 16.66, NOW(), NOW()),
(20, 1, 16.67, NOW(), NOW()),
(20, 2, 16.67, NOW(), NOW()),
(20, 3, 16.66, NOW(), NOW()),
(21, 1, 16.67, NOW(), NOW()),
(21, 2, 16.67, NOW(), NOW()),
(21, 3, 16.66, NOW(), NOW()),
(22, 1, 16.67, NOW(), NOW()),
(22, 2, 16.67, NOW(), NOW()),
(22, 3, 16.66, NOW(), NOW()),
(23, 1, 16.67, NOW(), NOW()),
(23, 2, 16.67, NOW(), NOW()),
(23, 3, 16.66, NOW(), NOW()),
(24, 1, 16.67, NOW(), NOW()),
(24, 2, 16.67, NOW(), NOW()),
(24, 3, 16.66, NOW(), NOW()),
(25, 1, 16.67, NOW(), NOW()),
(25, 2, 16.67, NOW(), NOW()),
(25, 3, 16.66, NOW(), NOW()),
(26, 1, 16.67, NOW(), NOW()),
(26, 2, 16.67, NOW(), NOW()),
(26, 3, 16.66, NOW(), NOW()),
(27, 1, 16.67, NOW(), NOW()),
(27, 2, 16.67, NOW(), NOW()),
(27, 3, 16.66, NOW(), NOW()),
(28, 1, 16.67, NOW(), NOW()),
(28, 2, 16.67, NOW(), NOW()),
(28, 3, 16.66, NOW(), NOW()),
(29, 1, 16.67, NOW(), NOW()),
(29, 2, 16.67, NOW(), NOW()),
(29, 3, 16.66, NOW(), NOW()),
(30, 1, 16.67, NOW(), NOW()),
(30, 2, 16.67, NOW(), NOW()),
(30, 3, 16.66, NOW(), NOW()),
(31, 1, 16.67, NOW(), NOW()),
(31, 2, 16.67, NOW(), NOW()),
(31, 3, 16.66, NOW(), NOW());

-- 14.19.6 MÁS INSCRIPCIONES (carga realista por carrera)
INSERT INTO inscripcion
(id, seccion_id, estudiante_id, estado, metodo, created_at, updated_at)
VALUES
(24, 18, 6, 'inscrito', 'presencial', NOW(), NOW()),
(25, 19, 6, 'inscrito', 'presencial', NOW(), NOW()),
(26, 6, 6, 'inscrito', 'presencial', NOW(), NOW()),
(27, 21, 6, 'inscrito', 'presencial', NOW(), NOW()),
(28, 18, 7, 'inscrito', 'presencial', NOW(), NOW()),
(29, 19, 7, 'inscrito', 'presencial', NOW(), NOW()),
(30, 20, 7, 'inscrito', 'presencial', NOW(), NOW()),
(31, 21, 7, 'inscrito', 'presencial', NOW(), NOW()),
(32, 22, 7, 'inscrito', 'linea', NOW(), NOW()),
(33, 18, 16, 'baja', 'presencial', NOW(), NOW()),
(34, 19, 16, 'inscrito', 'presencial', NOW(), NOW()),
(35, 20, 16, 'inscrito', 'presencial', NOW(), NOW()),
(36, 7, 16, 'inscrito', 'presencial', NOW(), NOW()),
(37, 18, 17, 'inscrito', 'presencial', NOW(), NOW()),
(38, 19, 17, 'inscrito', 'presencial', NOW(), NOW()),
(39, 6, 17, 'inscrito', 'presencial', NOW(), NOW()),
(40, 21, 17, 'inscrito', 'presencial', NOW(), NOW()),
(41, 22, 17, 'inscrito', 'linea', NOW(), NOW()),
(42, 4, 27, 'inscrito', 'presencial', NOW(), NOW()),
(43, 19, 27, 'inscrito', 'presencial', NOW(), NOW()),
(44, 20, 27, 'inscrito', 'presencial', NOW(), NOW()),
(45, 7, 27, 'inscrito', 'presencial', NOW(), NOW()),
(46, 4, 30, 'inscrito', 'presencial', NOW(), NOW()),
(47, 19, 30, 'inscrito', 'presencial', NOW(), NOW()),
(48, 6, 30, 'baja', 'presencial', NOW(), NOW()),
(49, 7, 30, 'inscrito', 'presencial', NOW(), NOW()),
(50, 22, 30, 'inscrito', 'linea', NOW(), NOW()),
(51, 4, 33, 'inscrito', 'presencial', NOW(), NOW()),
(52, 5, 33, 'inscrito', 'presencial', NOW(), NOW()),
(53, 20, 33, 'inscrito', 'presencial', NOW(), NOW()),
(54, 21, 33, 'inscrito', 'presencial', NOW(), NOW()),
(55, 4, 36, 'inscrito', 'presencial', NOW(), NOW()),
(56, 19, 36, 'inscrito', 'presencial', NOW(), NOW()),
(57, 20, 36, 'inscrito', 'presencial', NOW(), NOW()),
(58, 22, 36, 'inscrito', 'linea', NOW(), NOW()),
(59, 4, 37, 'inscrito', 'presencial', NOW(), NOW()),
(60, 5, 37, 'baja', 'presencial', NOW(), NOW()),
(61, 20, 37, 'inscrito', 'presencial', NOW(), NOW()),
(62, 21, 37, 'inscrito', 'presencial', NOW(), NOW()),
(63, 18, 42, 'inscrito', 'presencial', NOW(), NOW()),
(64, 19, 42, 'inscrito', 'presencial', NOW(), NOW()),
(65, 20, 42, 'inscrito', 'presencial', NOW(), NOW()),
(66, 7, 42, 'inscrito', 'presencial', NOW(), NOW()),
(67, 22, 42, 'inscrito', 'linea', NOW(), NOW()),
(68, 18, 45, 'inscrito', 'presencial', NOW(), NOW()),
(69, 5, 45, 'inscrito', 'presencial', NOW(), NOW()),
(70, 20, 45, 'inscrito', 'presencial', NOW(), NOW()),
(71, 21, 45, 'inscrito', 'presencial', NOW(), NOW()),
(72, 4, 47, 'inscrito', 'presencial', NOW(), NOW()),
(73, 5, 47, 'inscrito', 'presencial', NOW(), NOW()),
(74, 20, 47, 'inscrito', 'presencial', NOW(), NOW()),
(75, 7, 47, 'inscrito', 'presencial', NOW(), NOW()),
(76, 22, 47, 'inscrito', 'linea', NOW(), NOW()),
(77, 4, 49, 'inscrito', 'presencial', NOW(), NOW()),
(78, 5, 49, 'inscrito', 'presencial', NOW(), NOW()),
(79, 6, 49, 'inscrito', 'presencial', NOW(), NOW()),
(80, 21, 49, 'inscrito', 'presencial', NOW(), NOW()),
(81, 22, 49, 'inscrito', 'linea', NOW(), NOW()),
(82, 4, 50, 'inscrito', 'presencial', NOW(), NOW()),
(83, 5, 50, 'inscrito', 'presencial', NOW(), NOW()),
(84, 6, 50, 'inscrito', 'presencial', NOW(), NOW()),
(85, 21, 50, 'inscrito', 'presencial', NOW(), NOW()),
(86, 22, 50, 'inscrito', 'linea', NOW(), NOW()),
(87, 18, 53, 'inscrito', 'presencial', NOW(), NOW()),
(88, 19, 53, 'inscrito', 'presencial', NOW(), NOW()),
(89, 20, 53, 'inscrito', 'presencial', NOW(), NOW()),
(90, 21, 53, 'inscrito', 'presencial', NOW(), NOW()),
(91, 4, 57, 'inscrito', 'presencial', NOW(), NOW()),
(92, 19, 57, 'inscrito', 'presencial', NOW(), NOW()),
(93, 6, 57, 'inscrito', 'presencial', NOW(), NOW()),
(94, 7, 57, 'inscrito', 'presencial', NOW(), NOW()),
(95, 22, 57, 'inscrito', 'linea', NOW(), NOW()),
(96, 18, 61, 'inscrito', 'presencial', NOW(), NOW()),
(97, 19, 61, 'baja', 'presencial', NOW(), NOW()),
(98, 6, 61, 'inscrito', 'presencial', NOW(), NOW()),
(99, 7, 61, 'inscrito', 'presencial', NOW(), NOW()),
(100, 22, 61, 'inscrito', 'linea', NOW(), NOW()),
(101, 4, 63, 'inscrito', 'presencial', NOW(), NOW()),
(102, 19, 63, 'inscrito', 'presencial', NOW(), NOW()),
(103, 6, 63, 'inscrito', 'presencial', NOW(), NOW()),
(104, 7, 63, 'inscrito', 'presencial', NOW(), NOW()),
(105, 18, 67, 'inscrito', 'presencial', NOW(), NOW()),
(106, 19, 67, 'inscrito', 'presencial', NOW(), NOW()),
(107, 6, 67, 'inscrito', 'presencial', NOW(), NOW()),
(108, 21, 67, 'inscrito', 'presencial', NOW(), NOW()),
(109, 22, 67, 'inscrito', 'linea', NOW(), NOW()),
(110, 18, 69, 'inscrito', 'presencial', NOW(), NOW()),
(111, 19, 69, 'inscrito', 'presencial', NOW(), NOW()),
(112, 6, 69, 'inscrito', 'presencial', NOW(), NOW()),
(113, 21, 69, 'inscrito', 'presencial', NOW(), NOW()),
(114, 4, 76, 'inscrito', 'presencial', NOW(), NOW()),
(115, 19, 76, 'inscrito', 'presencial', NOW(), NOW()),
(116, 20, 76, 'inscrito', 'presencial', NOW(), NOW()),
(117, 21, 76, 'inscrito', 'presencial', NOW(), NOW()),
(118, 22, 76, 'baja', 'linea', NOW(), NOW()),
(119, 4, 77, 'inscrito', 'presencial', NOW(), NOW()),
(120, 19, 77, 'inscrito', 'presencial', NOW(), NOW()),
(121, 20, 77, 'inscrito', 'presencial', NOW(), NOW()),
(122, 7, 77, 'inscrito', 'presencial', NOW(), NOW()),
(123, 24, 8, 'inscrito', 'linea', NOW(), NOW()),
(124, 23, 8, 'inscrito', 'presencial', NOW(), NOW()),
(125, 9, 9, 'inscrito', 'linea', NOW(), NOW()),
(126, 8, 25, 'inscrito', 'presencial', NOW(), NOW()),
(127, 24, 25, 'inscrito', 'linea', NOW(), NOW()),
(128, 8, 46, 'inscrito', 'presencial', NOW(), NOW()),
(129, 9, 46, 'inscrito', 'linea', NOW(), NOW()),
(130, 8, 51, 'inscrito', 'presencial', NOW(), NOW()),
(131, 9, 51, 'inscrito', 'linea', NOW(), NOW()),
(132, 23, 51, 'inscrito', 'presencial', NOW(), NOW()),
(133, 8, 59, 'inscrito', 'presencial', NOW(), NOW()),
(134, 9, 59, 'inscrito', 'linea', NOW(), NOW()),
(135, 23, 59, 'inscrito', 'presencial', NOW(), NOW()),
(136, 8, 68, 'inscrito', 'presencial', NOW(), NOW()),
(137, 24, 68, 'inscrito', 'linea', NOW(), NOW()),
(138, 23, 68, 'inscrito', 'presencial', NOW(), NOW()),
(139, 8, 73, 'inscrito', 'presencial', NOW(), NOW()),
(140, 24, 73, 'baja', 'linea', NOW(), NOW()),
(141, 23, 73, 'inscrito', 'presencial', NOW(), NOW()),
(142, 8, 84, 'baja', 'presencial', NOW(), NOW()),
(143, 24, 84, 'inscrito', 'linea', NOW(), NOW()),
(144, 23, 84, 'inscrito', 'presencial', NOW(), NOW()),
(145, 27, 10, 'inscrito', 'presencial', NOW(), NOW()),
(146, 11, 11, 'inscrito', 'presencial', NOW(), NOW()),
(147, 27, 11, 'inscrito', 'presencial', NOW(), NOW()),
(148, 10, 35, 'inscrito', 'presencial', NOW(), NOW()),
(149, 11, 35, 'inscrito', 'presencial', NOW(), NOW()),
(150, 27, 35, 'inscrito', 'presencial', NOW(), NOW()),
(151, 10, 56, 'inscrito', 'presencial', NOW(), NOW()),
(152, 11, 56, 'inscrito', 'presencial', NOW(), NOW()),
(153, 27, 56, 'inscrito', 'presencial', NOW(), NOW()),
(154, 10, 60, 'inscrito', 'presencial', NOW(), NOW()),
(155, 11, 60, 'inscrito', 'presencial', NOW(), NOW()),
(156, 27, 60, 'inscrito', 'presencial', NOW(), NOW()),
(157, 10, 72, 'inscrito', 'presencial', NOW(), NOW()),
(158, 11, 72, 'inscrito', 'presencial', NOW(), NOW()),
(159, 27, 72, 'inscrito', 'presencial', NOW(), NOW()),
(160, 10, 79, 'inscrito', 'presencial', NOW(), NOW()),
(161, 11, 79, 'inscrito', 'presencial', NOW(), NOW()),
(162, 27, 79, 'inscrito', 'presencial', NOW(), NOW()),
(163, 10, 80, 'inscrito', 'presencial', NOW(), NOW()),
(164, 11, 80, 'inscrito', 'presencial', NOW(), NOW()),
(165, 27, 80, 'inscrito', 'presencial', NOW(), NOW()),
(166, 10, 82, 'inscrito', 'presencial', NOW(), NOW()),
(167, 11, 82, 'inscrito', 'presencial', NOW(), NOW()),
(168, 27, 82, 'inscrito', 'presencial', NOW(), NOW()),
(169, 25, 18, 'inscrito', 'presencial', NOW(), NOW()),
(170, 26, 18, 'inscrito', 'presencial', NOW(), NOW()),
(171, 31, 18, 'inscrito', 'presencial', NOW(), NOW()),
(172, 25, 19, 'inscrito', 'presencial', NOW(), NOW()),
(173, 26, 19, 'inscrito', 'presencial', NOW(), NOW()),
(174, 31, 19, 'inscrito', 'presencial', NOW(), NOW()),
(175, 25, 29, 'inscrito', 'presencial', NOW(), NOW()),
(176, 26, 29, 'inscrito', 'presencial', NOW(), NOW()),
(177, 31, 29, 'inscrito', 'presencial', NOW(), NOW()),
(178, 25, 31, 'inscrito', 'presencial', NOW(), NOW()),
(179, 26, 31, 'inscrito', 'presencial', NOW(), NOW()),
(180, 31, 31, 'inscrito', 'presencial', NOW(), NOW()),
(181, 25, 32, 'inscrito', 'presencial', NOW(), NOW()),
(182, 26, 32, 'inscrito', 'presencial', NOW(), NOW()),
(183, 31, 32, 'inscrito', 'presencial', NOW(), NOW()),
(184, 25, 41, 'inscrito', 'presencial', NOW(), NOW()),
(185, 26, 41, 'inscrito', 'presencial', NOW(), NOW()),
(186, 31, 41, 'inscrito', 'presencial', NOW(), NOW()),
(187, 25, 48, 'inscrito', 'presencial', NOW(), NOW()),
(188, 26, 48, 'inscrito', 'presencial', NOW(), NOW()),
(189, 31, 48, 'inscrito', 'presencial', NOW(), NOW()),
(190, 25, 55, 'inscrito', 'presencial', NOW(), NOW()),
(191, 26, 55, 'inscrito', 'presencial', NOW(), NOW()),
(192, 31, 55, 'inscrito', 'presencial', NOW(), NOW()),
(193, 25, 62, 'inscrito', 'presencial', NOW(), NOW()),
(194, 26, 62, 'inscrito', 'presencial', NOW(), NOW()),
(195, 31, 62, 'baja', 'presencial', NOW(), NOW()),
(196, 25, 75, 'inscrito', 'presencial', NOW(), NOW()),
(197, 26, 75, 'inscrito', 'presencial', NOW(), NOW()),
(198, 31, 75, 'inscrito', 'presencial', NOW(), NOW()),
(199, 25, 81, 'inscrito', 'presencial', NOW(), NOW()),
(200, 26, 81, 'inscrito', 'presencial', NOW(), NOW()),
(201, 31, 81, 'inscrito', 'presencial', NOW(), NOW()),
(202, 28, 20, 'baja', 'presencial', NOW(), NOW()),
(203, 12, 26, 'inscrito', 'presencial', NOW(), NOW()),
(204, 13, 26, 'inscrito', 'presencial', NOW(), NOW()),
(205, 28, 26, 'inscrito', 'presencial', NOW(), NOW()),
(206, 12, 28, 'inscrito', 'presencial', NOW(), NOW()),
(207, 13, 28, 'inscrito', 'presencial', NOW(), NOW()),
(208, 28, 28, 'inscrito', 'presencial', NOW(), NOW()),
(209, 12, 34, 'inscrito', 'presencial', NOW(), NOW()),
(210, 13, 34, 'inscrito', 'presencial', NOW(), NOW()),
(211, 28, 34, 'inscrito', 'presencial', NOW(), NOW()),
(212, 12, 39, 'inscrito', 'presencial', NOW(), NOW()),
(213, 13, 39, 'inscrito', 'presencial', NOW(), NOW()),
(214, 28, 39, 'inscrito', 'presencial', NOW(), NOW()),
(215, 12, 43, 'inscrito', 'presencial', NOW(), NOW()),
(216, 13, 43, 'inscrito', 'presencial', NOW(), NOW()),
(217, 28, 43, 'inscrito', 'presencial', NOW(), NOW()),
(218, 12, 58, 'inscrito', 'presencial', NOW(), NOW()),
(219, 13, 58, 'baja', 'presencial', NOW(), NOW()),
(220, 28, 58, 'inscrito', 'presencial', NOW(), NOW()),
(221, 12, 66, 'inscrito', 'presencial', NOW(), NOW()),
(222, 13, 66, 'inscrito', 'presencial', NOW(), NOW()),
(223, 28, 66, 'inscrito', 'presencial', NOW(), NOW()),
(224, 12, 70, 'inscrito', 'presencial', NOW(), NOW()),
(225, 13, 70, 'inscrito', 'presencial', NOW(), NOW()),
(226, 28, 70, 'baja', 'presencial', NOW(), NOW()),
(227, 15, 21, 'inscrito', 'presencial', NOW(), NOW()),
(228, 29, 21, 'inscrito', 'linea', NOW(), NOW()),
(229, 14, 22, 'inscrito', 'linea', NOW(), NOW()),
(230, 29, 22, 'inscrito', 'linea', NOW(), NOW()),
(231, 14, 38, 'inscrito', 'linea', NOW(), NOW()),
(232, 15, 38, 'inscrito', 'presencial', NOW(), NOW()),
(233, 29, 38, 'inscrito', 'linea', NOW(), NOW()),
(234, 14, 44, 'inscrito', 'linea', NOW(), NOW()),
(235, 15, 44, 'inscrito', 'presencial', NOW(), NOW()),
(236, 29, 44, 'inscrito', 'linea', NOW(), NOW()),
(237, 14, 52, 'inscrito', 'linea', NOW(), NOW()),
(238, 15, 52, 'inscrito', 'presencial', NOW(), NOW()),
(239, 29, 52, 'inscrito', 'linea', NOW(), NOW()),
(240, 14, 54, 'inscrito', 'linea', NOW(), NOW()),
(241, 15, 54, 'inscrito', 'presencial', NOW(), NOW()),
(242, 29, 54, 'inscrito', 'linea', NOW(), NOW()),
(243, 14, 71, 'inscrito', 'linea', NOW(), NOW()),
(244, 15, 71, 'inscrito', 'presencial', NOW(), NOW()),
(245, 29, 71, 'inscrito', 'linea', NOW(), NOW()),
(246, 17, 23, 'inscrito', 'linea', NOW(), NOW()),
(247, 30, 23, 'inscrito', 'presencial', NOW(), NOW()),
(248, 16, 24, 'inscrito', 'presencial', NOW(), NOW()),
(249, 30, 24, 'inscrito', 'presencial', NOW(), NOW()),
(250, 16, 40, 'inscrito', 'presencial', NOW(), NOW()),
(251, 17, 40, 'inscrito', 'linea', NOW(), NOW()),
(252, 30, 40, 'inscrito', 'presencial', NOW(), NOW()),
(253, 16, 64, 'inscrito', 'presencial', NOW(), NOW()),
(254, 17, 64, 'inscrito', 'linea', NOW(), NOW()),
(255, 30, 64, 'inscrito', 'presencial', NOW(), NOW()),
(256, 16, 65, 'inscrito', 'presencial', NOW(), NOW()),
(257, 17, 65, 'inscrito', 'linea', NOW(), NOW()),
(258, 30, 65, 'inscrito', 'presencial', NOW(), NOW()),
(259, 16, 74, 'inscrito', 'presencial', NOW(), NOW()),
(260, 17, 74, 'inscrito', 'linea', NOW(), NOW()),
(261, 30, 74, 'inscrito', 'presencial', NOW(), NOW()),
(262, 16, 78, 'inscrito', 'presencial', NOW(), NOW()),
(263, 17, 78, 'inscrito', 'linea', NOW(), NOW()),
(264, 30, 78, 'inscrito', 'presencial', NOW(), NOW()),
(265, 16, 83, 'inscrito', 'presencial', NOW(), NOW()),
(266, 17, 83, 'inscrito', 'linea', NOW(), NOW()),
(267, 30, 83, 'inscrito', 'presencial', NOW(), NOW()),
(268, 16, 85, 'inscrito', 'presencial', NOW(), NOW()),
(269, 17, 85, 'baja', 'linea', NOW(), NOW()),
(270, 30, 85, 'inscrito', 'presencial', NOW(), NOW());

-- 14.19.7 ACTIVIDADES (P1-P3) PARA SECCIONES 2025-C2
INSERT INTO actividad
(id, seccion_id, parcial_id, componente, origen, nombre, peso_en_componente, created_at, updated_at)
VALUES
(19, 4, 1, 'blackboard', 'blackboard', 'BB Parcial 1', 100.00, NOW(), NOW()),
(20, 4, 1, 'continua', 'teams', 'EC Parcial 1', 100.00, NOW(), NOW()),
(21, 4, 2, 'blackboard', 'blackboard', 'BB Parcial 2', 100.00, NOW(), NOW()),
(22, 4, 2, 'continua', 'teams', 'EC Parcial 2', 100.00, NOW(), NOW()),
(23, 4, 3, 'blackboard', 'blackboard', 'BB Parcial 3', 100.00, NOW(), NOW()),
(24, 4, 3, 'continua', 'teams', 'EC Parcial 3', 100.00, NOW(), NOW()),
(25, 5, 1, 'blackboard', 'blackboard', 'BB Parcial 1', 100.00, NOW(), NOW()),
(26, 5, 1, 'continua', 'teams', 'EC Parcial 1', 100.00, NOW(), NOW()),
(27, 5, 2, 'blackboard', 'blackboard', 'BB Parcial 2', 100.00, NOW(), NOW()),
(28, 5, 2, 'continua', 'teams', 'EC Parcial 2', 100.00, NOW(), NOW()),
(29, 5, 3, 'blackboard', 'blackboard', 'BB Parcial 3', 100.00, NOW(), NOW()),
(30, 5, 3, 'continua', 'teams', 'EC Parcial 3', 100.00, NOW(), NOW()),
(31, 6, 1, 'blackboard', 'blackboard', 'BB Parcial 1', 100.00, NOW(), NOW()),
(32, 6, 1, 'continua', 'teams', 'EC Parcial 1', 100.00, NOW(), NOW()),
(33, 6, 2, 'blackboard', 'blackboard', 'BB Parcial 2', 100.00, NOW(), NOW()),
(34, 6, 2, 'continua', 'teams', 'EC Parcial 2', 100.00, NOW(), NOW()),
(35, 6, 3, 'blackboard', 'blackboard', 'BB Parcial 3', 100.00, NOW(), NOW()),
(36, 6, 3, 'continua', 'teams', 'EC Parcial 3', 100.00, NOW(), NOW()),
(37, 7, 1, 'blackboard', 'blackboard', 'BB Parcial 1', 100.00, NOW(), NOW()),
(38, 7, 1, 'continua', 'teams', 'EC Parcial 1', 100.00, NOW(), NOW()),
(39, 7, 2, 'blackboard', 'blackboard', 'BB Parcial 2', 100.00, NOW(), NOW()),
(40, 7, 2, 'continua', 'teams', 'EC Parcial 2', 100.00, NOW(), NOW()),
(41, 7, 3, 'blackboard', 'blackboard', 'BB Parcial 3', 100.00, NOW(), NOW()),
(42, 7, 3, 'continua', 'teams', 'EC Parcial 3', 100.00, NOW(), NOW()),
(43, 8, 1, 'blackboard', 'blackboard', 'BB Parcial 1', 100.00, NOW(), NOW()),
(44, 8, 1, 'continua', 'teams', 'EC Parcial 1', 100.00, NOW(), NOW()),
(45, 8, 2, 'blackboard', 'blackboard', 'BB Parcial 2', 100.00, NOW(), NOW()),
(46, 8, 2, 'continua', 'teams', 'EC Parcial 2', 100.00, NOW(), NOW()),
(47, 8, 3, 'blackboard', 'blackboard', 'BB Parcial 3', 100.00, NOW(), NOW()),
(48, 8, 3, 'continua', 'teams', 'EC Parcial 3', 100.00, NOW(), NOW()),
(49, 9, 1, 'blackboard', 'blackboard', 'BB Parcial 1', 100.00, NOW(), NOW()),
(50, 9, 1, 'continua', 'teams', 'EC Parcial 1', 100.00, NOW(), NOW()),
(51, 9, 2, 'blackboard', 'blackboard', 'BB Parcial 2', 100.00, NOW(), NOW()),
(52, 9, 2, 'continua', 'teams', 'EC Parcial 2', 100.00, NOW(), NOW()),
(53, 9, 3, 'blackboard', 'blackboard', 'BB Parcial 3', 100.00, NOW(), NOW()),
(54, 9, 3, 'continua', 'teams', 'EC Parcial 3', 100.00, NOW(), NOW()),
(55, 10, 1, 'blackboard', 'blackboard', 'BB Parcial 1', 100.00, NOW(), NOW()),
(56, 10, 1, 'continua', 'teams', 'EC Parcial 1', 100.00, NOW(), NOW()),
(57, 10, 2, 'blackboard', 'blackboard', 'BB Parcial 2', 100.00, NOW(), NOW()),
(58, 10, 2, 'continua', 'teams', 'EC Parcial 2', 100.00, NOW(), NOW()),
(59, 10, 3, 'blackboard', 'blackboard', 'BB Parcial 3', 100.00, NOW(), NOW()),
(60, 10, 3, 'continua', 'teams', 'EC Parcial 3', 100.00, NOW(), NOW()),
(61, 11, 1, 'blackboard', 'blackboard', 'BB Parcial 1', 100.00, NOW(), NOW()),
(62, 11, 1, 'continua', 'teams', 'EC Parcial 1', 100.00, NOW(), NOW()),
(63, 11, 2, 'blackboard', 'blackboard', 'BB Parcial 2', 100.00, NOW(), NOW()),
(64, 11, 2, 'continua', 'teams', 'EC Parcial 2', 100.00, NOW(), NOW()),
(65, 11, 3, 'blackboard', 'blackboard', 'BB Parcial 3', 100.00, NOW(), NOW()),
(66, 11, 3, 'continua', 'teams', 'EC Parcial 3', 100.00, NOW(), NOW()),
(67, 12, 1, 'blackboard', 'blackboard', 'BB Parcial 1', 100.00, NOW(), NOW()),
(68, 12, 1, 'continua', 'teams', 'EC Parcial 1', 100.00, NOW(), NOW()),
(69, 12, 2, 'blackboard', 'blackboard', 'BB Parcial 2', 100.00, NOW(), NOW()),
(70, 12, 2, 'continua', 'teams', 'EC Parcial 2', 100.00, NOW(), NOW()),
(71, 12, 3, 'blackboard', 'blackboard', 'BB Parcial 3', 100.00, NOW(), NOW()),
(72, 12, 3, 'continua', 'teams', 'EC Parcial 3', 100.00, NOW(), NOW()),
(73, 13, 1, 'blackboard', 'blackboard', 'BB Parcial 1', 100.00, NOW(), NOW()),
(74, 13, 1, 'continua', 'teams', 'EC Parcial 1', 100.00, NOW(), NOW()),
(75, 13, 2, 'blackboard', 'blackboard', 'BB Parcial 2', 100.00, NOW(), NOW()),
(76, 13, 2, 'continua', 'teams', 'EC Parcial 2', 100.00, NOW(), NOW()),
(77, 13, 3, 'blackboard', 'blackboard', 'BB Parcial 3', 100.00, NOW(), NOW()),
(78, 13, 3, 'continua', 'teams', 'EC Parcial 3', 100.00, NOW(), NOW()),
(79, 14, 1, 'blackboard', 'blackboard', 'BB Parcial 1', 100.00, NOW(), NOW()),
(80, 14, 1, 'continua', 'teams', 'EC Parcial 1', 100.00, NOW(), NOW()),
(81, 14, 2, 'blackboard', 'blackboard', 'BB Parcial 2', 100.00, NOW(), NOW()),
(82, 14, 2, 'continua', 'teams', 'EC Parcial 2', 100.00, NOW(), NOW()),
(83, 14, 3, 'blackboard', 'blackboard', 'BB Parcial 3', 100.00, NOW(), NOW()),
(84, 14, 3, 'continua', 'teams', 'EC Parcial 3', 100.00, NOW(), NOW()),
(85, 15, 1, 'blackboard', 'blackboard', 'BB Parcial 1', 100.00, NOW(), NOW()),
(86, 15, 1, 'continua', 'teams', 'EC Parcial 1', 100.00, NOW(), NOW()),
(87, 15, 2, 'blackboard', 'blackboard', 'BB Parcial 2', 100.00, NOW(), NOW()),
(88, 15, 2, 'continua', 'teams', 'EC Parcial 2', 100.00, NOW(), NOW()),
(89, 15, 3, 'blackboard', 'blackboard', 'BB Parcial 3', 100.00, NOW(), NOW()),
(90, 15, 3, 'continua', 'teams', 'EC Parcial 3', 100.00, NOW(), NOW()),
(91, 16, 1, 'blackboard', 'blackboard', 'BB Parcial 1', 100.00, NOW(), NOW()),
(92, 16, 1, 'continua', 'teams', 'EC Parcial 1', 100.00, NOW(), NOW()),
(93, 16, 2, 'blackboard', 'blackboard', 'BB Parcial 2', 100.00, NOW(), NOW()),
(94, 16, 2, 'continua', 'teams', 'EC Parcial 2', 100.00, NOW(), NOW()),
(95, 16, 3, 'blackboard', 'blackboard', 'BB Parcial 3', 100.00, NOW(), NOW()),
(96, 16, 3, 'continua', 'teams', 'EC Parcial 3', 100.00, NOW(), NOW()),
(97, 17, 1, 'blackboard', 'blackboard', 'BB Parcial 1', 100.00, NOW(), NOW()),
(98, 17, 1, 'continua', 'teams', 'EC Parcial 1', 100.00, NOW(), NOW()),
(99, 17, 2, 'blackboard', 'blackboard', 'BB Parcial 2', 100.00, NOW(), NOW()),
(100, 17, 2, 'continua', 'teams', 'EC Parcial 2', 100.00, NOW(), NOW()),
(101, 17, 3, 'blackboard', 'blackboard', 'BB Parcial 3', 100.00, NOW(), NOW()),
(102, 17, 3, 'continua', 'teams', 'EC Parcial 3', 100.00, NOW(), NOW()),
(103, 18, 1, 'blackboard', 'blackboard', 'BB Parcial 1', 100.00, NOW(), NOW()),
(104, 18, 1, 'continua', 'teams', 'EC Parcial 1', 100.00, NOW(), NOW()),
(105, 18, 2, 'blackboard', 'blackboard', 'BB Parcial 2', 100.00, NOW(), NOW()),
(106, 18, 2, 'continua', 'teams', 'EC Parcial 2', 100.00, NOW(), NOW()),
(107, 18, 3, 'blackboard', 'blackboard', 'BB Parcial 3', 100.00, NOW(), NOW()),
(108, 18, 3, 'continua', 'teams', 'EC Parcial 3', 100.00, NOW(), NOW()),
(109, 19, 1, 'blackboard', 'blackboard', 'BB Parcial 1', 100.00, NOW(), NOW()),
(110, 19, 1, 'continua', 'teams', 'EC Parcial 1', 100.00, NOW(), NOW()),
(111, 19, 2, 'blackboard', 'blackboard', 'BB Parcial 2', 100.00, NOW(), NOW()),
(112, 19, 2, 'continua', 'teams', 'EC Parcial 2', 100.00, NOW(), NOW()),
(113, 19, 3, 'blackboard', 'blackboard', 'BB Parcial 3', 100.00, NOW(), NOW()),
(114, 19, 3, 'continua', 'teams', 'EC Parcial 3', 100.00, NOW(), NOW()),
(115, 20, 1, 'blackboard', 'blackboard', 'BB Parcial 1', 100.00, NOW(), NOW()),
(116, 20, 1, 'continua', 'teams', 'EC Parcial 1', 100.00, NOW(), NOW()),
(117, 20, 2, 'blackboard', 'blackboard', 'BB Parcial 2', 100.00, NOW(), NOW()),
(118, 20, 2, 'continua', 'teams', 'EC Parcial 2', 100.00, NOW(), NOW()),
(119, 20, 3, 'blackboard', 'blackboard', 'BB Parcial 3', 100.00, NOW(), NOW()),
(120, 20, 3, 'continua', 'teams', 'EC Parcial 3', 100.00, NOW(), NOW()),
(121, 21, 1, 'blackboard', 'blackboard', 'BB Parcial 1', 100.00, NOW(), NOW()),
(122, 21, 1, 'continua', 'teams', 'EC Parcial 1', 100.00, NOW(), NOW()),
(123, 21, 2, 'blackboard', 'blackboard', 'BB Parcial 2', 100.00, NOW(), NOW()),
(124, 21, 2, 'continua', 'teams', 'EC Parcial 2', 100.00, NOW(), NOW()),
(125, 21, 3, 'blackboard', 'blackboard', 'BB Parcial 3', 100.00, NOW(), NOW()),
(126, 21, 3, 'continua', 'teams', 'EC Parcial 3', 100.00, NOW(), NOW()),
(127, 22, 1, 'blackboard', 'blackboard', 'BB Parcial 1', 100.00, NOW(), NOW()),
(128, 22, 1, 'continua', 'teams', 'EC Parcial 1', 100.00, NOW(), NOW()),
(129, 22, 2, 'blackboard', 'blackboard', 'BB Parcial 2', 100.00, NOW(), NOW()),
(130, 22, 2, 'continua', 'teams', 'EC Parcial 2', 100.00, NOW(), NOW()),
(131, 22, 3, 'blackboard', 'blackboard', 'BB Parcial 3', 100.00, NOW(), NOW()),
(132, 22, 3, 'continua', 'teams', 'EC Parcial 3', 100.00, NOW(), NOW()),
(133, 23, 1, 'blackboard', 'blackboard', 'BB Parcial 1', 100.00, NOW(), NOW()),
(134, 23, 1, 'continua', 'teams', 'EC Parcial 1', 100.00, NOW(), NOW()),
(135, 23, 2, 'blackboard', 'blackboard', 'BB Parcial 2', 100.00, NOW(), NOW()),
(136, 23, 2, 'continua', 'teams', 'EC Parcial 2', 100.00, NOW(), NOW()),
(137, 23, 3, 'blackboard', 'blackboard', 'BB Parcial 3', 100.00, NOW(), NOW()),
(138, 23, 3, 'continua', 'teams', 'EC Parcial 3', 100.00, NOW(), NOW()),
(139, 24, 1, 'blackboard', 'blackboard', 'BB Parcial 1', 100.00, NOW(), NOW()),
(140, 24, 1, 'continua', 'teams', 'EC Parcial 1', 100.00, NOW(), NOW()),
(141, 24, 2, 'blackboard', 'blackboard', 'BB Parcial 2', 100.00, NOW(), NOW()),
(142, 24, 2, 'continua', 'teams', 'EC Parcial 2', 100.00, NOW(), NOW()),
(143, 24, 3, 'blackboard', 'blackboard', 'BB Parcial 3', 100.00, NOW(), NOW()),
(144, 24, 3, 'continua', 'teams', 'EC Parcial 3', 100.00, NOW(), NOW()),
(145, 25, 1, 'blackboard', 'blackboard', 'BB Parcial 1', 100.00, NOW(), NOW()),
(146, 25, 1, 'continua', 'teams', 'EC Parcial 1', 100.00, NOW(), NOW()),
(147, 25, 2, 'blackboard', 'blackboard', 'BB Parcial 2', 100.00, NOW(), NOW()),
(148, 25, 2, 'continua', 'teams', 'EC Parcial 2', 100.00, NOW(), NOW()),
(149, 25, 3, 'blackboard', 'blackboard', 'BB Parcial 3', 100.00, NOW(), NOW()),
(150, 25, 3, 'continua', 'teams', 'EC Parcial 3', 100.00, NOW(), NOW()),
(151, 26, 1, 'blackboard', 'blackboard', 'BB Parcial 1', 100.00, NOW(), NOW()),
(152, 26, 1, 'continua', 'teams', 'EC Parcial 1', 100.00, NOW(), NOW()),
(153, 26, 2, 'blackboard', 'blackboard', 'BB Parcial 2', 100.00, NOW(), NOW()),
(154, 26, 2, 'continua', 'teams', 'EC Parcial 2', 100.00, NOW(), NOW()),
(155, 26, 3, 'blackboard', 'blackboard', 'BB Parcial 3', 100.00, NOW(), NOW()),
(156, 26, 3, 'continua', 'teams', 'EC Parcial 3', 100.00, NOW(), NOW()),
(157, 27, 1, 'blackboard', 'blackboard', 'BB Parcial 1', 100.00, NOW(), NOW()),
(158, 27, 1, 'continua', 'teams', 'EC Parcial 1', 100.00, NOW(), NOW()),
(159, 27, 2, 'blackboard', 'blackboard', 'BB Parcial 2', 100.00, NOW(), NOW()),
(160, 27, 2, 'continua', 'teams', 'EC Parcial 2', 100.00, NOW(), NOW()),
(161, 27, 3, 'blackboard', 'blackboard', 'BB Parcial 3', 100.00, NOW(), NOW()),
(162, 27, 3, 'continua', 'teams', 'EC Parcial 3', 100.00, NOW(), NOW()),
(163, 28, 1, 'blackboard', 'blackboard', 'BB Parcial 1', 100.00, NOW(), NOW()),
(164, 28, 1, 'continua', 'teams', 'EC Parcial 1', 100.00, NOW(), NOW()),
(165, 28, 2, 'blackboard', 'blackboard', 'BB Parcial 2', 100.00, NOW(), NOW()),
(166, 28, 2, 'continua', 'teams', 'EC Parcial 2', 100.00, NOW(), NOW()),
(167, 28, 3, 'blackboard', 'blackboard', 'BB Parcial 3', 100.00, NOW(), NOW()),
(168, 28, 3, 'continua', 'teams', 'EC Parcial 3', 100.00, NOW(), NOW()),
(169, 29, 1, 'blackboard', 'blackboard', 'BB Parcial 1', 100.00, NOW(), NOW()),
(170, 29, 1, 'continua', 'teams', 'EC Parcial 1', 100.00, NOW(), NOW()),
(171, 29, 2, 'blackboard', 'blackboard', 'BB Parcial 2', 100.00, NOW(), NOW()),
(172, 29, 2, 'continua', 'teams', 'EC Parcial 2', 100.00, NOW(), NOW()),
(173, 29, 3, 'blackboard', 'blackboard', 'BB Parcial 3', 100.00, NOW(), NOW()),
(174, 29, 3, 'continua', 'teams', 'EC Parcial 3', 100.00, NOW(), NOW()),
(175, 30, 1, 'blackboard', 'blackboard', 'BB Parcial 1', 100.00, NOW(), NOW()),
(176, 30, 1, 'continua', 'teams', 'EC Parcial 1', 100.00, NOW(), NOW()),
(177, 30, 2, 'blackboard', 'blackboard', 'BB Parcial 2', 100.00, NOW(), NOW()),
(178, 30, 2, 'continua', 'teams', 'EC Parcial 2', 100.00, NOW(), NOW()),
(179, 30, 3, 'blackboard', 'blackboard', 'BB Parcial 3', 100.00, NOW(), NOW()),
(180, 30, 3, 'continua', 'teams', 'EC Parcial 3', 100.00, NOW(), NOW()),
(181, 31, 1, 'blackboard', 'blackboard', 'BB Parcial 1', 100.00, NOW(), NOW()),
(182, 31, 1, 'continua', 'teams', 'EC Parcial 1', 100.00, NOW(), NOW()),
(183, 31, 2, 'blackboard', 'blackboard', 'BB Parcial 2', 100.00, NOW(), NOW()),
(184, 31, 2, 'continua', 'teams', 'EC Parcial 2', 100.00, NOW(), NOW()),
(185, 31, 3, 'blackboard', 'blackboard', 'BB Parcial 3', 100.00, NOW(), NOW()),
(186, 31, 3, 'continua', 'teams', 'EC Parcial 3', 100.00, NOW(), NOW());

-- 14.19.8 CALIFICACIONES DE ACTIVIDADES (P1-P3)
INSERT INTO calificacion_actividad
(actividad_id, inscripcion_id, calificacion, created_at, updated_at)
VALUES
(19, 6, 76.16, NOW(), NOW()),
(20, 6, 68.00, NOW(), NOW()),
(21, 6, 67.15, NOW(), NOW()),
(22, 6, 69.94, NOW(), NOW()),
(23, 6, 90.40, NOW(), NOW()),
(24, 6, 70.05, NOW(), NOW()),
(19, 7, 75.32, NOW(), NOW()),
(20, 7, 87.37, NOW(), NOW()),
(21, 7, 81.55, NOW(), NOW()),
(22, 7, 97.54, NOW(), NOW()),
(23, 7, 79.57, NOW(), NOW()),
(24, 7, 76.87, NOW(), NOW()),
(25, 8, 84.53, NOW(), NOW()),
(26, 8, 68.67, NOW(), NOW()),
(27, 8, 96.08, NOW(), NOW()),
(28, 8, 74.96, NOW(), NOW()),
(29, 8, 75.52, NOW(), NOW()),
(30, 8, 87.29, NOW(), NOW()),
(25, 9, 66.09, NOW(), NOW()),
(26, 9, 86.42, NOW(), NOW()),
(27, 9, 94.00, NOW(), NOW()),
(28, 9, 73.55, NOW(), NOW()),
(29, 9, 97.87, NOW(), NOW()),
(30, 9, 81.15, NOW(), NOW()),
(31, 10, 90.98, NOW(), NOW()),
(32, 10, 78.76, NOW(), NOW()),
(33, 10, 76.10, NOW(), NOW()),
(34, 10, 70.78, NOW(), NOW()),
(35, 10, 60.30, NOW(), NOW()),
(36, 10, 68.15, NOW(), NOW()),
(37, 11, 99.58, NOW(), NOW()),
(38, 11, 81.37, NOW(), NOW()),
(39, 11, 78.48, NOW(), NOW()),
(40, 11, 96.01, NOW(), NOW()),
(41, 11, 84.22, NOW(), NOW()),
(42, 11, 99.07, NOW(), NOW()),
(43, 12, 74.30, NOW(), NOW()),
(44, 12, 68.63, NOW(), NOW()),
(45, 12, 96.83, NOW(), NOW()),
(46, 12, 66.43, NOW(), NOW()),
(47, 12, 91.67, NOW(), NOW()),
(48, 12, 83.82, NOW(), NOW()),
(43, 13, 99.32, NOW(), NOW()),
(44, 13, 97.76, NOW(), NOW()),
(45, 13, 86.41, NOW(), NOW()),
(46, 13, 61.48, NOW(), NOW()),
(47, 13, 60.93, NOW(), NOW()),
(48, 13, 78.95, NOW(), NOW()),
(49, 14, 92.79, NOW(), NOW()),
(50, 14, 63.25, NOW(), NOW()),
(51, 14, 77.02, NOW(), NOW()),
(52, 14, 63.44, NOW(), NOW()),
(53, 14, 72.39, NOW(), NOW()),
(54, 14, 60.23, NOW(), NOW()),
(55, 15, 73.19, NOW(), NOW()),
(56, 15, 80.94, NOW(), NOW()),
(57, 15, 68.03, NOW(), NOW()),
(58, 15, 91.49, NOW(), NOW()),
(59, 15, 62.22, NOW(), NOW()),
(60, 15, 68.46, NOW(), NOW()),
(55, 16, 70.30, NOW(), NOW()),
(56, 16, 76.16, NOW(), NOW()),
(57, 16, 90.55, NOW(), NOW()),
(58, 16, 74.15, NOW(), NOW()),
(59, 16, 87.80, NOW(), NOW()),
(60, 16, 96.89, NOW(), NOW()),
(61, 17, 65.24, NOW(), NOW()),
(62, 17, 94.56, NOW(), NOW()),
(63, 17, 83.99, NOW(), NOW()),
(64, 17, 89.89, NOW(), NOW()),
(65, 17, 84.32, NOW(), NOW()),
(66, 17, 76.33, NOW(), NOW()),
(67, 18, 63.86, NOW(), NOW()),
(68, 18, 65.75, NOW(), NOW()),
(69, 18, 66.97, NOW(), NOW()),
(70, 18, 67.11, NOW(), NOW()),
(71, 18, 65.82, NOW(), NOW()),
(72, 18, 68.30, NOW(), NOW()),
(73, 19, 82.44, NOW(), NOW()),
(74, 19, 90.82, NOW(), NOW()),
(75, 19, 91.92, NOW(), NOW()),
(76, 19, 93.85, NOW(), NOW()),
(77, 19, 64.69, NOW(), NOW()),
(78, 19, 92.89, NOW(), NOW()),
(79, 20, 67.44, NOW(), NOW()),
(80, 20, 62.90, NOW(), NOW()),
(81, 20, 71.51, NOW(), NOW()),
(82, 20, 83.43, NOW(), NOW()),
(83, 20, 61.91, NOW(), NOW()),
(84, 20, 68.65, NOW(), NOW()),
(85, 21, 75.96, NOW(), NOW()),
(86, 21, 92.89, NOW(), NOW()),
(87, 21, 75.98, NOW(), NOW()),
(88, 21, 76.56, NOW(), NOW()),
(89, 21, 74.84, NOW(), NOW()),
(90, 21, 63.71, NOW(), NOW()),
(91, 22, 95.18, NOW(), NOW()),
(92, 22, 96.92, NOW(), NOW()),
(93, 22, 88.87, NOW(), NOW()),
(94, 22, 75.94, NOW(), NOW()),
(95, 22, 77.76, NOW(), NOW()),
(96, 22, 72.46, NOW(), NOW()),
(97, 23, 86.17, NOW(), NOW()),
(98, 23, 86.13, NOW(), NOW()),
(99, 23, 72.43, NOW(), NOW()),
(100, 23, 94.97, NOW(), NOW()),
(101, 23, 88.83, NOW(), NOW()),
(102, 23, 68.74, NOW(), NOW()),
(103, 24, 92.37, NOW(), NOW()),
(104, 24, 86.97, NOW(), NOW()),
(105, 24, 69.99, NOW(), NOW()),
(106, 24, 71.86, NOW(), NOW()),
(107, 24, 90.06, NOW(), NOW()),
(108, 24, 63.21, NOW(), NOW()),
(109, 25, 77.51, NOW(), NOW()),
(110, 25, 98.55, NOW(), NOW()),
(111, 25, 70.25, NOW(), NOW()),
(112, 25, 80.13, NOW(), NOW()),
(113, 25, 96.29, NOW(), NOW()),
(114, 25, 94.98, NOW(), NOW()),
(31, 26, 91.53, NOW(), NOW()),
(32, 26, 81.33, NOW(), NOW()),
(33, 26, 97.19, NOW(), NOW()),
(34, 26, 70.27, NOW(), NOW()),
(35, 26, 95.26, NOW(), NOW()),
(36, 26, 76.37, NOW(), NOW()),
(121, 27, 86.33, NOW(), NOW()),
(122, 27, 84.44, NOW(), NOW()),
(123, 27, 71.29, NOW(), NOW()),
(124, 27, 87.13, NOW(), NOW()),
(125, 27, 84.17, NOW(), NOW()),
(126, 27, 99.49, NOW(), NOW()),
(103, 28, 86.67, NOW(), NOW()),
(104, 28, 77.60, NOW(), NOW()),
(105, 28, 75.19, NOW(), NOW()),
(106, 28, 95.50, NOW(), NOW()),
(107, 28, 73.82, NOW(), NOW()),
(108, 28, 86.68, NOW(), NOW()),
(109, 29, 87.77, NOW(), NOW()),
(110, 29, 98.59, NOW(), NOW()),
(111, 29, 67.73, NOW(), NOW()),
(112, 29, 86.60, NOW(), NOW()),
(113, 29, 66.87, NOW(), NOW()),
(114, 29, 85.60, NOW(), NOW()),
(115, 30, 86.29, NOW(), NOW()),
(116, 30, 89.72, NOW(), NOW()),
(117, 30, 94.65, NOW(), NOW()),
(118, 30, 69.25, NOW(), NOW()),
(119, 30, 94.42, NOW(), NOW()),
(120, 30, 73.82, NOW(), NOW()),
(121, 31, 76.00, NOW(), NOW()),
(122, 31, 64.49, NOW(), NOW()),
(123, 31, 81.27, NOW(), NOW()),
(124, 31, 60.05, NOW(), NOW()),
(125, 31, 72.42, NOW(), NOW()),
(126, 31, 86.89, NOW(), NOW()),
(127, 32, 89.90, NOW(), NOW()),
(128, 32, 66.69, NOW(), NOW()),
(129, 32, 91.39, NOW(), NOW()),
(130, 32, 77.76, NOW(), NOW()),
(131, 32, 68.21, NOW(), NOW()),
(132, 32, 89.94, NOW(), NOW()),
(109, 34, 89.56, NOW(), NOW()),
(110, 34, 78.72, NOW(), NOW()),
(111, 34, 81.24, NOW(), NOW()),
(112, 34, 84.79, NOW(), NOW()),
(113, 34, 85.27, NOW(), NOW()),
(114, 34, 90.60, NOW(), NOW()),
(115, 35, 90.76, NOW(), NOW()),
(116, 35, 68.01, NOW(), NOW()),
(117, 35, 60.82, NOW(), NOW()),
(118, 35, 64.21, NOW(), NOW()),
(119, 35, 72.30, NOW(), NOW()),
(120, 35, 83.22, NOW(), NOW()),
(37, 36, 98.45, NOW(), NOW()),
(38, 36, 76.67, NOW(), NOW()),
(39, 36, 74.77, NOW(), NOW()),
(40, 36, 82.29, NOW(), NOW()),
(41, 36, 97.93, NOW(), NOW()),
(42, 36, 83.52, NOW(), NOW()),
(103, 37, 71.81, NOW(), NOW()),
(104, 37, 90.27, NOW(), NOW()),
(105, 37, 99.67, NOW(), NOW()),
(106, 37, 91.74, NOW(), NOW()),
(107, 37, 75.94, NOW(), NOW()),
(108, 37, 66.89, NOW(), NOW()),
(109, 38, 78.43, NOW(), NOW()),
(110, 38, 65.14, NOW(), NOW()),
(111, 38, 65.23, NOW(), NOW()),
(112, 38, 77.86, NOW(), NOW()),
(113, 38, 94.01, NOW(), NOW()),
(114, 38, 88.07, NOW(), NOW()),
(31, 39, 76.73, NOW(), NOW()),
(32, 39, 98.17, NOW(), NOW()),
(33, 39, 67.15, NOW(), NOW()),
(34, 39, 70.01, NOW(), NOW()),
(35, 39, 70.94, NOW(), NOW()),
(36, 39, 82.91, NOW(), NOW()),
(121, 40, 95.59, NOW(), NOW()),
(122, 40, 75.31, NOW(), NOW()),
(123, 40, 93.07, NOW(), NOW()),
(124, 40, 97.48, NOW(), NOW()),
(125, 40, 79.17, NOW(), NOW()),
(126, 40, 95.72, NOW(), NOW()),
(127, 41, 95.57, NOW(), NOW()),
(128, 41, 79.05, NOW(), NOW()),
(129, 41, 66.78, NOW(), NOW()),
(130, 41, 62.99, NOW(), NOW()),
(131, 41, 69.58, NOW(), NOW()),
(132, 41, 78.39, NOW(), NOW()),
(19, 42, 60.62, NOW(), NOW()),
(20, 42, 73.19, NOW(), NOW()),
(21, 42, 79.76, NOW(), NOW()),
(22, 42, 73.43, NOW(), NOW()),
(23, 42, 89.35, NOW(), NOW()),
(24, 42, 82.78, NOW(), NOW()),
(109, 43, 81.32, NOW(), NOW()),
(110, 43, 85.34, NOW(), NOW()),
(111, 43, 83.32, NOW(), NOW()),
(112, 43, 76.56, NOW(), NOW()),
(113, 43, 66.64, NOW(), NOW()),
(114, 43, 83.53, NOW(), NOW()),
(115, 44, 61.90, NOW(), NOW()),
(116, 44, 61.45, NOW(), NOW()),
(117, 44, 73.70, NOW(), NOW()),
(118, 44, 69.20, NOW(), NOW()),
(119, 44, 90.22, NOW(), NOW()),
(120, 44, 66.34, NOW(), NOW()),
(37, 45, 77.56, NOW(), NOW()),
(38, 45, 87.82, NOW(), NOW()),
(39, 45, 76.71, NOW(), NOW()),
(40, 45, 92.21, NOW(), NOW()),
(41, 45, 64.69, NOW(), NOW()),
(42, 45, 66.87, NOW(), NOW()),
(19, 46, 71.02, NOW(), NOW()),
(20, 46, 74.61, NOW(), NOW()),
(21, 46, 82.39, NOW(), NOW()),
(22, 46, 67.93, NOW(), NOW()),
(23, 46, 82.36, NOW(), NOW()),
(24, 46, 88.07, NOW(), NOW()),
(109, 47, 86.10, NOW(), NOW()),
(110, 47, 92.61, NOW(), NOW()),
(111, 47, 63.26, NOW(), NOW()),
(112, 47, 87.11, NOW(), NOW()),
(113, 47, 88.99, NOW(), NOW()),
(114, 47, 93.00, NOW(), NOW()),
(37, 49, 66.01, NOW(), NOW()),
(38, 49, 63.46, NOW(), NOW()),
(39, 49, 90.37, NOW(), NOW()),
(40, 49, 85.86, NOW(), NOW()),
(41, 49, 66.66, NOW(), NOW()),
(42, 49, 94.83, NOW(), NOW()),
(127, 50, 88.68, NOW(), NOW()),
(128, 50, 84.60, NOW(), NOW()),
(129, 50, 90.42, NOW(), NOW()),
(130, 50, 84.44, NOW(), NOW()),
(131, 50, 73.60, NOW(), NOW()),
(132, 50, 62.11, NOW(), NOW()),
(19, 51, 73.70, NOW(), NOW()),
(20, 51, 85.00, NOW(), NOW()),
(21, 51, 67.52, NOW(), NOW()),
(22, 51, 67.18, NOW(), NOW()),
(23, 51, 64.45, NOW(), NOW()),
(24, 51, 79.86, NOW(), NOW()),
(25, 52, 98.67, NOW(), NOW()),
(26, 52, 89.23, NOW(), NOW()),
(27, 52, 60.50, NOW(), NOW()),
(28, 52, 75.07, NOW(), NOW()),
(29, 52, 87.28, NOW(), NOW()),
(30, 52, 63.88, NOW(), NOW()),
(115, 53, 91.79, NOW(), NOW()),
(116, 53, 69.41, NOW(), NOW()),
(117, 53, 77.75, NOW(), NOW()),
(118, 53, 91.72, NOW(), NOW()),
(119, 53, 94.97, NOW(), NOW()),
(120, 53, 63.21, NOW(), NOW()),
(121, 54, 92.69, NOW(), NOW()),
(122, 54, 95.02, NOW(), NOW()),
(123, 54, 93.54, NOW(), NOW()),
(124, 54, 90.96, NOW(), NOW()),
(125, 54, 74.92, NOW(), NOW()),
(126, 54, 72.54, NOW(), NOW()),
(19, 55, 61.82, NOW(), NOW()),
(20, 55, 75.86, NOW(), NOW()),
(21, 55, 72.03, NOW(), NOW()),
(22, 55, 66.35, NOW(), NOW()),
(23, 55, 97.75, NOW(), NOW()),
(24, 55, 95.24, NOW(), NOW()),
(109, 56, 92.39, NOW(), NOW()),
(110, 56, 71.83, NOW(), NOW()),
(111, 56, 64.94, NOW(), NOW()),
(112, 56, 77.10, NOW(), NOW()),
(113, 56, 62.89, NOW(), NOW()),
(114, 56, 74.15, NOW(), NOW()),
(115, 57, 84.26, NOW(), NOW()),
(116, 57, 72.69, NOW(), NOW()),
(117, 57, 73.38, NOW(), NOW()),
(118, 57, 73.08, NOW(), NOW()),
(119, 57, 93.16, NOW(), NOW()),
(120, 57, 61.38, NOW(), NOW()),
(127, 58, 92.56, NOW(), NOW()),
(128, 58, 84.41, NOW(), NOW()),
(129, 58, 81.92, NOW(), NOW()),
(130, 58, 87.75, NOW(), NOW()),
(131, 58, 60.74, NOW(), NOW()),
(132, 58, 94.52, NOW(), NOW()),
(19, 59, 71.55, NOW(), NOW()),
(20, 59, 75.98, NOW(), NOW()),
(21, 59, 80.49, NOW(), NOW()),
(22, 59, 96.05, NOW(), NOW()),
(23, 59, 69.11, NOW(), NOW()),
(24, 59, 80.96, NOW(), NOW()),
(115, 61, 99.67, NOW(), NOW()),
(116, 61, 68.49, NOW(), NOW()),
(117, 61, 85.91, NOW(), NOW()),
(118, 61, 66.55, NOW(), NOW()),
(119, 61, 82.69, NOW(), NOW()),
(120, 61, 77.39, NOW(), NOW()),
(121, 62, 82.62, NOW(), NOW()),
(122, 62, 61.15, NOW(), NOW()),
(123, 62, 68.08, NOW(), NOW()),
(124, 62, 96.02, NOW(), NOW()),
(125, 62, 67.19, NOW(), NOW()),
(126, 62, 72.02, NOW(), NOW()),
(103, 63, 99.57, NOW(), NOW()),
(104, 63, 70.18, NOW(), NOW()),
(105, 63, 83.19, NOW(), NOW()),
(106, 63, 77.23, NOW(), NOW()),
(107, 63, 60.13, NOW(), NOW()),
(108, 63, 85.74, NOW(), NOW()),
(109, 64, 80.12, NOW(), NOW()),
(110, 64, 97.48, NOW(), NOW()),
(111, 64, 99.07, NOW(), NOW()),
(112, 64, 62.96, NOW(), NOW()),
(113, 64, 83.53, NOW(), NOW()),
(114, 64, 73.65, NOW(), NOW()),
(115, 65, 65.28, NOW(), NOW()),
(116, 65, 96.68, NOW(), NOW()),
(117, 65, 63.64, NOW(), NOW()),
(118, 65, 80.08, NOW(), NOW()),
(119, 65, 69.30, NOW(), NOW()),
(120, 65, 82.92, NOW(), NOW()),
(37, 66, 68.34, NOW(), NOW()),
(38, 66, 94.19, NOW(), NOW()),
(39, 66, 77.45, NOW(), NOW()),
(40, 66, 68.07, NOW(), NOW()),
(41, 66, 92.03, NOW(), NOW()),
(42, 66, 65.38, NOW(), NOW()),
(127, 67, 89.53, NOW(), NOW()),
(128, 67, 69.94, NOW(), NOW()),
(129, 67, 93.64, NOW(), NOW()),
(130, 67, 70.26, NOW(), NOW()),
(131, 67, 86.06, NOW(), NOW()),
(132, 67, 86.89, NOW(), NOW()),
(103, 68, 80.18, NOW(), NOW()),
(104, 68, 94.83, NOW(), NOW()),
(105, 68, 81.73, NOW(), NOW()),
(106, 68, 69.39, NOW(), NOW()),
(107, 68, 80.98, NOW(), NOW()),
(108, 68, 87.48, NOW(), NOW()),
(25, 69, 76.84, NOW(), NOW()),
(26, 69, 80.97, NOW(), NOW()),
(27, 69, 62.90, NOW(), NOW()),
(28, 69, 70.02, NOW(), NOW()),
(29, 69, 90.68, NOW(), NOW()),
(30, 69, 73.37, NOW(), NOW()),
(115, 70, 67.56, NOW(), NOW()),
(116, 70, 91.74, NOW(), NOW()),
(117, 70, 61.18, NOW(), NOW()),
(118, 70, 61.53, NOW(), NOW()),
(119, 70, 62.49, NOW(), NOW()),
(120, 70, 67.58, NOW(), NOW()),
(121, 71, 62.00, NOW(), NOW()),
(122, 71, 71.71, NOW(), NOW()),
(123, 71, 70.73, NOW(), NOW()),
(124, 71, 96.93, NOW(), NOW()),
(125, 71, 70.20, NOW(), NOW()),
(126, 71, 83.09, NOW(), NOW()),
(19, 72, 71.81, NOW(), NOW()),
(20, 72, 89.03, NOW(), NOW()),
(21, 72, 64.56, NOW(), NOW()),
(22, 72, 73.78, NOW(), NOW()),
(23, 72, 65.69, NOW(), NOW()),
(24, 72, 72.20, NOW(), NOW()),
(25, 73, 70.42, NOW(), NOW()),
(26, 73, 78.10, NOW(), NOW()),
(27, 73, 97.74, NOW(), NOW()),
(28, 73, 61.09, NOW(), NOW()),
(29, 73, 69.26, NOW(), NOW()),
(30, 73, 84.33, NOW(), NOW()),
(115, 74, 93.39, NOW(), NOW()),
(116, 74, 75.18, NOW(), NOW()),
(117, 74, 74.35, NOW(), NOW()),
(118, 74, 72.72, NOW(), NOW()),
(119, 74, 75.01, NOW(), NOW()),
(120, 74, 81.53, NOW(), NOW()),
(37, 75, 91.19, NOW(), NOW()),
(38, 75, 60.86, NOW(), NOW()),
(39, 75, 67.04, NOW(), NOW()),
(40, 75, 68.88, NOW(), NOW());

INSERT INTO calificacion_actividad
(actividad_id, inscripcion_id, calificacion, created_at, updated_at)
VALUES
(41, 75, 84.83, NOW(), NOW()),
(42, 75, 90.42, NOW(), NOW()),
(127, 76, 62.82, NOW(), NOW()),
(128, 76, 60.03, NOW(), NOW()),
(129, 76, 64.56, NOW(), NOW()),
(130, 76, 77.43, NOW(), NOW()),
(131, 76, 87.68, NOW(), NOW()),
(132, 76, 98.91, NOW(), NOW()),
(19, 77, 74.79, NOW(), NOW()),
(20, 77, 76.95, NOW(), NOW()),
(21, 77, 95.04, NOW(), NOW()),
(22, 77, 90.71, NOW(), NOW()),
(23, 77, 96.17, NOW(), NOW()),
(24, 77, 70.51, NOW(), NOW()),
(25, 78, 88.48, NOW(), NOW()),
(26, 78, 92.34, NOW(), NOW()),
(27, 78, 70.93, NOW(), NOW()),
(28, 78, 69.74, NOW(), NOW()),
(29, 78, 97.21, NOW(), NOW()),
(30, 78, 68.79, NOW(), NOW()),
(31, 79, 73.04, NOW(), NOW()),
(32, 79, 64.10, NOW(), NOW()),
(33, 79, 95.05, NOW(), NOW()),
(34, 79, 84.85, NOW(), NOW()),
(35, 79, 69.72, NOW(), NOW()),
(36, 79, 77.69, NOW(), NOW()),
(121, 80, 77.79, NOW(), NOW()),
(122, 80, 60.67, NOW(), NOW()),
(123, 80, 89.75, NOW(), NOW()),
(124, 80, 63.11, NOW(), NOW()),
(125, 80, 75.34, NOW(), NOW()),
(126, 80, 89.51, NOW(), NOW()),
(127, 81, 71.29, NOW(), NOW()),
(128, 81, 90.58, NOW(), NOW()),
(129, 81, 96.08, NOW(), NOW()),
(130, 81, 88.16, NOW(), NOW()),
(131, 81, 77.03, NOW(), NOW()),
(132, 81, 97.18, NOW(), NOW()),
(19, 82, 72.84, NOW(), NOW()),
(20, 82, 99.85, NOW(), NOW()),
(21, 82, 84.20, NOW(), NOW()),
(22, 82, 81.38, NOW(), NOW()),
(23, 82, 94.86, NOW(), NOW()),
(24, 82, 64.23, NOW(), NOW()),
(25, 83, 71.46, NOW(), NOW()),
(26, 83, 91.01, NOW(), NOW()),
(27, 83, 62.72, NOW(), NOW()),
(28, 83, 97.01, NOW(), NOW()),
(29, 83, 78.15, NOW(), NOW()),
(30, 83, 79.60, NOW(), NOW()),
(31, 84, 99.84, NOW(), NOW()),
(32, 84, 63.40, NOW(), NOW()),
(33, 84, 60.79, NOW(), NOW()),
(34, 84, 82.52, NOW(), NOW()),
(35, 84, 85.37, NOW(), NOW()),
(36, 84, 94.50, NOW(), NOW()),
(121, 85, 67.69, NOW(), NOW()),
(122, 85, 95.33, NOW(), NOW()),
(123, 85, 86.31, NOW(), NOW()),
(124, 85, 83.15, NOW(), NOW()),
(125, 85, 60.78, NOW(), NOW()),
(126, 85, 91.97, NOW(), NOW()),
(127, 86, 68.72, NOW(), NOW()),
(128, 86, 86.71, NOW(), NOW()),
(129, 86, 99.73, NOW(), NOW()),
(130, 86, 60.51, NOW(), NOW()),
(131, 86, 77.19, NOW(), NOW()),
(132, 86, 97.54, NOW(), NOW()),
(103, 87, 71.48, NOW(), NOW()),
(104, 87, 93.52, NOW(), NOW()),
(105, 87, 92.76, NOW(), NOW()),
(106, 87, 87.63, NOW(), NOW()),
(107, 87, 99.93, NOW(), NOW()),
(108, 87, 88.23, NOW(), NOW()),
(109, 88, 64.19, NOW(), NOW()),
(110, 88, 93.68, NOW(), NOW()),
(111, 88, 90.07, NOW(), NOW()),
(112, 88, 75.45, NOW(), NOW()),
(113, 88, 63.85, NOW(), NOW()),
(114, 88, 70.76, NOW(), NOW()),
(115, 89, 81.06, NOW(), NOW()),
(116, 89, 70.01, NOW(), NOW()),
(117, 89, 99.47, NOW(), NOW()),
(118, 89, 66.33, NOW(), NOW()),
(119, 89, 70.97, NOW(), NOW()),
(120, 89, 64.95, NOW(), NOW()),
(121, 90, 89.94, NOW(), NOW()),
(122, 90, 93.14, NOW(), NOW()),
(123, 90, 70.03, NOW(), NOW()),
(124, 90, 75.65, NOW(), NOW()),
(125, 90, 95.54, NOW(), NOW()),
(126, 90, 83.91, NOW(), NOW()),
(19, 91, 68.70, NOW(), NOW()),
(20, 91, 99.87, NOW(), NOW()),
(21, 91, 90.78, NOW(), NOW()),
(22, 91, 72.27, NOW(), NOW()),
(23, 91, 77.92, NOW(), NOW()),
(24, 91, 80.00, NOW(), NOW()),
(109, 92, 85.38, NOW(), NOW()),
(110, 92, 78.38, NOW(), NOW()),
(111, 92, 65.96, NOW(), NOW()),
(112, 92, 73.16, NOW(), NOW()),
(113, 92, 65.15, NOW(), NOW()),
(114, 92, 80.10, NOW(), NOW()),
(31, 93, 84.55, NOW(), NOW()),
(32, 93, 84.07, NOW(), NOW()),
(33, 93, 62.82, NOW(), NOW()),
(34, 93, 82.23, NOW(), NOW()),
(35, 93, 91.25, NOW(), NOW()),
(36, 93, 82.92, NOW(), NOW()),
(37, 94, 73.51, NOW(), NOW()),
(38, 94, 91.42, NOW(), NOW()),
(39, 94, 75.98, NOW(), NOW()),
(40, 94, 91.74, NOW(), NOW()),
(41, 94, 60.42, NOW(), NOW()),
(42, 94, 63.54, NOW(), NOW()),
(127, 95, 78.32, NOW(), NOW()),
(128, 95, 63.35, NOW(), NOW()),
(129, 95, 67.80, NOW(), NOW()),
(130, 95, 97.33, NOW(), NOW()),
(131, 95, 91.07, NOW(), NOW()),
(132, 95, 71.95, NOW(), NOW()),
(103, 96, 64.58, NOW(), NOW()),
(104, 96, 89.26, NOW(), NOW()),
(105, 96, 88.32, NOW(), NOW()),
(106, 96, 66.93, NOW(), NOW()),
(107, 96, 82.20, NOW(), NOW()),
(108, 96, 85.65, NOW(), NOW()),
(31, 98, 63.56, NOW(), NOW()),
(32, 98, 64.46, NOW(), NOW()),
(33, 98, 61.01, NOW(), NOW()),
(34, 98, 93.50, NOW(), NOW()),
(35, 98, 71.91, NOW(), NOW()),
(36, 98, 73.39, NOW(), NOW()),
(37, 99, 61.71, NOW(), NOW()),
(38, 99, 85.95, NOW(), NOW()),
(39, 99, 70.00, NOW(), NOW()),
(40, 99, 81.69, NOW(), NOW()),
(41, 99, 73.98, NOW(), NOW()),
(42, 99, 73.92, NOW(), NOW()),
(127, 100, 61.72, NOW(), NOW()),
(128, 100, 73.00, NOW(), NOW()),
(129, 100, 96.51, NOW(), NOW()),
(130, 100, 97.73, NOW(), NOW()),
(131, 100, 96.56, NOW(), NOW()),
(132, 100, 94.03, NOW(), NOW()),
(19, 101, 92.44, NOW(), NOW()),
(20, 101, 85.12, NOW(), NOW()),
(21, 101, 84.19, NOW(), NOW()),
(22, 101, 88.73, NOW(), NOW()),
(23, 101, 98.42, NOW(), NOW()),
(24, 101, 84.15, NOW(), NOW()),
(109, 102, 82.30, NOW(), NOW()),
(110, 102, 89.14, NOW(), NOW()),
(111, 102, 93.80, NOW(), NOW()),
(112, 102, 81.36, NOW(), NOW()),
(113, 102, 60.82, NOW(), NOW()),
(114, 102, 84.24, NOW(), NOW()),
(31, 103, 73.76, NOW(), NOW()),
(32, 103, 65.13, NOW(), NOW()),
(33, 103, 61.83, NOW(), NOW()),
(34, 103, 81.36, NOW(), NOW()),
(35, 103, 98.20, NOW(), NOW()),
(36, 103, 82.32, NOW(), NOW()),
(37, 104, 93.36, NOW(), NOW()),
(38, 104, 66.92, NOW(), NOW()),
(39, 104, 73.16, NOW(), NOW()),
(40, 104, 98.21, NOW(), NOW()),
(41, 104, 87.55, NOW(), NOW()),
(42, 104, 89.07, NOW(), NOW()),
(103, 105, 71.82, NOW(), NOW()),
(104, 105, 86.72, NOW(), NOW()),
(105, 105, 73.73, NOW(), NOW()),
(106, 105, 67.95, NOW(), NOW()),
(107, 105, 66.30, NOW(), NOW()),
(108, 105, 67.02, NOW(), NOW()),
(109, 106, 63.70, NOW(), NOW()),
(110, 106, 75.64, NOW(), NOW()),
(111, 106, 94.70, NOW(), NOW()),
(112, 106, 81.79, NOW(), NOW()),
(113, 106, 74.91, NOW(), NOW()),
(114, 106, 85.66, NOW(), NOW()),
(31, 107, 96.89, NOW(), NOW()),
(32, 107, 70.36, NOW(), NOW()),
(33, 107, 96.74, NOW(), NOW()),
(34, 107, 99.27, NOW(), NOW()),
(35, 107, 74.07, NOW(), NOW()),
(36, 107, 62.52, NOW(), NOW()),
(121, 108, 87.24, NOW(), NOW()),
(122, 108, 96.76, NOW(), NOW()),
(123, 108, 74.71, NOW(), NOW()),
(124, 108, 72.54, NOW(), NOW()),
(125, 108, 69.48, NOW(), NOW()),
(126, 108, 64.97, NOW(), NOW()),
(127, 109, 86.56, NOW(), NOW()),
(128, 109, 71.57, NOW(), NOW()),
(129, 109, 97.33, NOW(), NOW()),
(130, 109, 76.31, NOW(), NOW()),
(131, 109, 65.16, NOW(), NOW()),
(132, 109, 86.68, NOW(), NOW()),
(103, 110, 99.26, NOW(), NOW()),
(104, 110, 65.19, NOW(), NOW()),
(105, 110, 98.80, NOW(), NOW()),
(106, 110, 86.46, NOW(), NOW()),
(107, 110, 90.71, NOW(), NOW()),
(108, 110, 97.82, NOW(), NOW()),
(109, 111, 81.92, NOW(), NOW()),
(110, 111, 81.40, NOW(), NOW()),
(111, 111, 65.70, NOW(), NOW()),
(112, 111, 76.45, NOW(), NOW()),
(113, 111, 82.10, NOW(), NOW()),
(114, 111, 70.60, NOW(), NOW()),
(31, 112, 77.37, NOW(), NOW()),
(32, 112, 75.36, NOW(), NOW()),
(33, 112, 93.51, NOW(), NOW()),
(34, 112, 73.82, NOW(), NOW()),
(35, 112, 95.85, NOW(), NOW()),
(36, 112, 69.14, NOW(), NOW()),
(121, 113, 86.05, NOW(), NOW()),
(122, 113, 79.99, NOW(), NOW()),
(123, 113, 72.06, NOW(), NOW()),
(124, 113, 91.18, NOW(), NOW()),
(125, 113, 99.55, NOW(), NOW()),
(126, 113, 65.07, NOW(), NOW()),
(19, 114, 92.45, NOW(), NOW()),
(20, 114, 62.80, NOW(), NOW()),
(21, 114, 74.20, NOW(), NOW()),
(22, 114, 98.28, NOW(), NOW()),
(23, 114, 98.61, NOW(), NOW()),
(24, 114, 97.08, NOW(), NOW()),
(109, 115, 74.21, NOW(), NOW()),
(110, 115, 89.61, NOW(), NOW()),
(111, 115, 99.09, NOW(), NOW()),
(112, 115, 62.59, NOW(), NOW()),
(113, 115, 93.13, NOW(), NOW()),
(114, 115, 88.97, NOW(), NOW()),
(115, 116, 97.29, NOW(), NOW()),
(116, 116, 78.04, NOW(), NOW()),
(117, 116, 85.73, NOW(), NOW()),
(118, 116, 90.48, NOW(), NOW()),
(119, 116, 79.86, NOW(), NOW()),
(120, 116, 88.73, NOW(), NOW()),
(121, 117, 68.67, NOW(), NOW()),
(122, 117, 61.79, NOW(), NOW()),
(123, 117, 68.81, NOW(), NOW()),
(124, 117, 99.41, NOW(), NOW()),
(125, 117, 77.26, NOW(), NOW()),
(126, 117, 95.53, NOW(), NOW()),
(19, 119, 98.81, NOW(), NOW()),
(20, 119, 96.67, NOW(), NOW()),
(21, 119, 81.97, NOW(), NOW()),
(22, 119, 71.54, NOW(), NOW()),
(23, 119, 84.35, NOW(), NOW()),
(24, 119, 90.81, NOW(), NOW()),
(109, 120, 88.89, NOW(), NOW()),
(110, 120, 61.30, NOW(), NOW()),
(111, 120, 62.26, NOW(), NOW()),
(112, 120, 61.30, NOW(), NOW()),
(113, 120, 69.97, NOW(), NOW()),
(114, 120, 75.74, NOW(), NOW()),
(115, 121, 74.86, NOW(), NOW()),
(116, 121, 90.39, NOW(), NOW()),
(117, 121, 90.57, NOW(), NOW()),
(118, 121, 71.37, NOW(), NOW()),
(119, 121, 73.94, NOW(), NOW()),
(120, 121, 95.64, NOW(), NOW()),
(37, 122, 87.66, NOW(), NOW()),
(38, 122, 61.28, NOW(), NOW()),
(39, 122, 73.19, NOW(), NOW()),
(40, 122, 92.94, NOW(), NOW()),
(41, 122, 81.45, NOW(), NOW()),
(42, 122, 68.04, NOW(), NOW()),
(139, 123, 76.60, NOW(), NOW()),
(140, 123, 87.07, NOW(), NOW()),
(141, 123, 67.10, NOW(), NOW()),
(142, 123, 70.16, NOW(), NOW()),
(143, 123, 93.63, NOW(), NOW()),
(144, 123, 75.57, NOW(), NOW()),
(133, 124, 76.50, NOW(), NOW()),
(134, 124, 99.58, NOW(), NOW()),
(135, 124, 98.32, NOW(), NOW()),
(136, 124, 72.13, NOW(), NOW()),
(137, 124, 60.00, NOW(), NOW()),
(138, 124, 66.88, NOW(), NOW()),
(49, 125, 99.02, NOW(), NOW()),
(50, 125, 88.09, NOW(), NOW()),
(51, 125, 69.27, NOW(), NOW()),
(52, 125, 96.17, NOW(), NOW()),
(53, 125, 95.08, NOW(), NOW()),
(54, 125, 88.49, NOW(), NOW()),
(43, 126, 60.71, NOW(), NOW()),
(44, 126, 81.14, NOW(), NOW()),
(45, 126, 68.90, NOW(), NOW()),
(46, 126, 70.23, NOW(), NOW()),
(47, 126, 75.74, NOW(), NOW()),
(48, 126, 76.04, NOW(), NOW()),
(139, 127, 95.37, NOW(), NOW()),
(140, 127, 74.98, NOW(), NOW()),
(141, 127, 66.64, NOW(), NOW()),
(142, 127, 66.23, NOW(), NOW()),
(143, 127, 78.55, NOW(), NOW()),
(144, 127, 71.11, NOW(), NOW()),
(43, 128, 93.57, NOW(), NOW()),
(44, 128, 85.19, NOW(), NOW()),
(45, 128, 89.26, NOW(), NOW()),
(46, 128, 67.09, NOW(), NOW()),
(47, 128, 82.67, NOW(), NOW()),
(48, 128, 87.63, NOW(), NOW()),
(49, 129, 61.93, NOW(), NOW()),
(50, 129, 75.96, NOW(), NOW()),
(51, 129, 86.72, NOW(), NOW()),
(52, 129, 66.13, NOW(), NOW()),
(53, 129, 98.28, NOW(), NOW()),
(54, 129, 68.48, NOW(), NOW()),
(43, 130, 64.71, NOW(), NOW()),
(44, 130, 87.51, NOW(), NOW()),
(45, 130, 99.42, NOW(), NOW()),
(46, 130, 90.93, NOW(), NOW()),
(47, 130, 81.28, NOW(), NOW()),
(48, 130, 73.14, NOW(), NOW()),
(49, 131, 68.62, NOW(), NOW()),
(50, 131, 62.58, NOW(), NOW()),
(51, 131, 68.95, NOW(), NOW()),
(52, 131, 85.15, NOW(), NOW()),
(53, 131, 69.89, NOW(), NOW()),
(54, 131, 99.54, NOW(), NOW()),
(133, 132, 66.27, NOW(), NOW()),
(134, 132, 69.78, NOW(), NOW()),
(135, 132, 76.30, NOW(), NOW()),
(136, 132, 98.15, NOW(), NOW()),
(137, 132, 73.65, NOW(), NOW()),
(138, 132, 67.38, NOW(), NOW()),
(43, 133, 88.99, NOW(), NOW()),
(44, 133, 63.45, NOW(), NOW()),
(45, 133, 78.83, NOW(), NOW()),
(46, 133, 68.61, NOW(), NOW()),
(47, 133, 99.04, NOW(), NOW()),
(48, 133, 77.51, NOW(), NOW()),
(49, 134, 80.23, NOW(), NOW()),
(50, 134, 98.24, NOW(), NOW()),
(51, 134, 86.10, NOW(), NOW()),
(52, 134, 99.70, NOW(), NOW()),
(53, 134, 77.15, NOW(), NOW()),
(54, 134, 94.89, NOW(), NOW()),
(133, 135, 77.38, NOW(), NOW()),
(134, 135, 71.08, NOW(), NOW()),
(135, 135, 98.43, NOW(), NOW()),
(136, 135, 84.92, NOW(), NOW()),
(137, 135, 65.74, NOW(), NOW()),
(138, 135, 82.75, NOW(), NOW()),
(43, 136, 87.64, NOW(), NOW()),
(44, 136, 65.43, NOW(), NOW()),
(45, 136, 79.34, NOW(), NOW()),
(46, 136, 77.76, NOW(), NOW()),
(47, 136, 67.33, NOW(), NOW()),
(48, 136, 87.47, NOW(), NOW()),
(139, 137, 79.49, NOW(), NOW()),
(140, 137, 83.83, NOW(), NOW()),
(141, 137, 81.43, NOW(), NOW()),
(142, 137, 84.59, NOW(), NOW()),
(143, 137, 91.16, NOW(), NOW()),
(144, 137, 79.36, NOW(), NOW()),
(133, 138, 98.60, NOW(), NOW()),
(134, 138, 96.09, NOW(), NOW()),
(135, 138, 78.18, NOW(), NOW()),
(136, 138, 64.85, NOW(), NOW()),
(137, 138, 79.59, NOW(), NOW()),
(138, 138, 75.24, NOW(), NOW()),
(43, 139, 95.55, NOW(), NOW()),
(44, 139, 72.57, NOW(), NOW()),
(45, 139, 62.39, NOW(), NOW()),
(46, 139, 67.81, NOW(), NOW()),
(47, 139, 95.11, NOW(), NOW()),
(48, 139, 64.87, NOW(), NOW()),
(133, 141, 96.39, NOW(), NOW()),
(134, 141, 77.19, NOW(), NOW()),
(135, 141, 81.64, NOW(), NOW()),
(136, 141, 90.18, NOW(), NOW()),
(137, 141, 94.70, NOW(), NOW()),
(138, 141, 64.52, NOW(), NOW()),
(139, 143, 83.55, NOW(), NOW()),
(140, 143, 67.55, NOW(), NOW()),
(141, 143, 98.19, NOW(), NOW()),
(142, 143, 90.86, NOW(), NOW()),
(143, 143, 70.15, NOW(), NOW()),
(144, 143, 73.84, NOW(), NOW()),
(133, 144, 99.03, NOW(), NOW()),
(134, 144, 98.33, NOW(), NOW()),
(135, 144, 90.68, NOW(), NOW()),
(136, 144, 61.56, NOW(), NOW()),
(137, 144, 68.79, NOW(), NOW()),
(138, 144, 84.13, NOW(), NOW()),
(157, 145, 68.27, NOW(), NOW()),
(158, 145, 80.68, NOW(), NOW()),
(159, 145, 60.26, NOW(), NOW()),
(160, 145, 78.45, NOW(), NOW()),
(161, 145, 79.05, NOW(), NOW()),
(162, 145, 93.15, NOW(), NOW()),
(61, 146, 73.87, NOW(), NOW()),
(62, 146, 96.01, NOW(), NOW());

INSERT INTO calificacion_actividad
(actividad_id, inscripcion_id, calificacion, created_at, updated_at)
VALUES
(63, 146, 69.76, NOW(), NOW()),
(64, 146, 60.70, NOW(), NOW()),
(65, 146, 78.07, NOW(), NOW()),
(66, 146, 66.70, NOW(), NOW()),
(157, 147, 98.20, NOW(), NOW()),
(158, 147, 92.88, NOW(), NOW()),
(159, 147, 97.44, NOW(), NOW()),
(160, 147, 68.54, NOW(), NOW()),
(161, 147, 94.99, NOW(), NOW()),
(162, 147, 96.56, NOW(), NOW()),
(55, 148, 71.29, NOW(), NOW()),
(56, 148, 92.60, NOW(), NOW()),
(57, 148, 74.75, NOW(), NOW()),
(58, 148, 67.45, NOW(), NOW()),
(59, 148, 87.06, NOW(), NOW()),
(60, 148, 73.37, NOW(), NOW()),
(61, 149, 72.06, NOW(), NOW()),
(62, 149, 85.78, NOW(), NOW()),
(63, 149, 85.93, NOW(), NOW()),
(64, 149, 60.58, NOW(), NOW()),
(65, 149, 61.15, NOW(), NOW()),
(66, 149, 81.44, NOW(), NOW()),
(157, 150, 63.61, NOW(), NOW()),
(158, 150, 64.32, NOW(), NOW()),
(159, 150, 97.38, NOW(), NOW()),
(160, 150, 98.08, NOW(), NOW()),
(161, 150, 88.47, NOW(), NOW()),
(162, 150, 96.95, NOW(), NOW()),
(55, 151, 87.60, NOW(), NOW()),
(56, 151, 97.05, NOW(), NOW()),
(57, 151, 60.14, NOW(), NOW()),
(58, 151, 74.91, NOW(), NOW()),
(59, 151, 74.62, NOW(), NOW()),
(60, 151, 73.56, NOW(), NOW()),
(61, 152, 70.78, NOW(), NOW()),
(62, 152, 72.80, NOW(), NOW()),
(63, 152, 89.75, NOW(), NOW()),
(64, 152, 97.97, NOW(), NOW()),
(65, 152, 96.88, NOW(), NOW()),
(66, 152, 75.60, NOW(), NOW()),
(157, 153, 84.12, NOW(), NOW()),
(158, 153, 69.23, NOW(), NOW()),
(159, 153, 72.35, NOW(), NOW()),
(160, 153, 96.46, NOW(), NOW()),
(161, 153, 81.54, NOW(), NOW()),
(162, 153, 63.51, NOW(), NOW()),
(55, 154, 79.27, NOW(), NOW()),
(56, 154, 91.56, NOW(), NOW()),
(57, 154, 87.23, NOW(), NOW()),
(58, 154, 64.46, NOW(), NOW()),
(59, 154, 75.55, NOW(), NOW()),
(60, 154, 72.83, NOW(), NOW()),
(61, 155, 68.83, NOW(), NOW()),
(62, 155, 69.82, NOW(), NOW()),
(63, 155, 93.51, NOW(), NOW()),
(64, 155, 82.13, NOW(), NOW()),
(65, 155, 92.12, NOW(), NOW()),
(66, 155, 75.86, NOW(), NOW()),
(157, 156, 93.68, NOW(), NOW()),
(158, 156, 60.29, NOW(), NOW()),
(159, 156, 73.65, NOW(), NOW()),
(160, 156, 67.63, NOW(), NOW()),
(161, 156, 70.74, NOW(), NOW()),
(162, 156, 89.41, NOW(), NOW()),
(55, 157, 67.15, NOW(), NOW()),
(56, 157, 95.12, NOW(), NOW()),
(57, 157, 83.17, NOW(), NOW()),
(58, 157, 95.03, NOW(), NOW()),
(59, 157, 60.92, NOW(), NOW()),
(60, 157, 62.47, NOW(), NOW()),
(61, 158, 61.32, NOW(), NOW()),
(62, 158, 99.48, NOW(), NOW()),
(63, 158, 78.77, NOW(), NOW()),
(64, 158, 62.39, NOW(), NOW()),
(65, 158, 71.50, NOW(), NOW()),
(66, 158, 74.16, NOW(), NOW()),
(157, 159, 70.36, NOW(), NOW()),
(158, 159, 72.60, NOW(), NOW()),
(159, 159, 69.57, NOW(), NOW()),
(160, 159, 69.94, NOW(), NOW()),
(161, 159, 77.26, NOW(), NOW()),
(162, 159, 64.52, NOW(), NOW()),
(55, 160, 83.93, NOW(), NOW()),
(56, 160, 92.29, NOW(), NOW()),
(57, 160, 67.04, NOW(), NOW()),
(58, 160, 85.48, NOW(), NOW()),
(59, 160, 87.43, NOW(), NOW()),
(60, 160, 72.67, NOW(), NOW()),
(61, 161, 75.38, NOW(), NOW()),
(62, 161, 65.59, NOW(), NOW()),
(63, 161, 84.64, NOW(), NOW()),
(64, 161, 99.13, NOW(), NOW()),
(65, 161, 91.07, NOW(), NOW()),
(66, 161, 68.59, NOW(), NOW()),
(157, 162, 77.12, NOW(), NOW()),
(158, 162, 80.38, NOW(), NOW()),
(159, 162, 71.23, NOW(), NOW()),
(160, 162, 98.53, NOW(), NOW()),
(161, 162, 95.13, NOW(), NOW()),
(162, 162, 77.85, NOW(), NOW()),
(55, 163, 69.07, NOW(), NOW()),
(56, 163, 90.11, NOW(), NOW()),
(57, 163, 80.74, NOW(), NOW()),
(58, 163, 88.60, NOW(), NOW()),
(59, 163, 94.98, NOW(), NOW()),
(60, 163, 98.86, NOW(), NOW()),
(61, 164, 91.40, NOW(), NOW()),
(62, 164, 68.21, NOW(), NOW()),
(63, 164, 82.15, NOW(), NOW()),
(64, 164, 88.71, NOW(), NOW()),
(65, 164, 66.99, NOW(), NOW()),
(66, 164, 99.57, NOW(), NOW()),
(157, 165, 70.88, NOW(), NOW()),
(158, 165, 93.94, NOW(), NOW()),
(159, 165, 60.59, NOW(), NOW()),
(160, 165, 63.48, NOW(), NOW()),
(161, 165, 60.63, NOW(), NOW()),
(162, 165, 63.50, NOW(), NOW()),
(55, 166, 62.98, NOW(), NOW()),
(56, 166, 63.16, NOW(), NOW()),
(57, 166, 88.93, NOW(), NOW()),
(58, 166, 96.82, NOW(), NOW()),
(59, 166, 91.89, NOW(), NOW()),
(60, 166, 92.73, NOW(), NOW()),
(61, 167, 91.17, NOW(), NOW()),
(62, 167, 66.96, NOW(), NOW()),
(63, 167, 75.42, NOW(), NOW()),
(64, 167, 61.88, NOW(), NOW()),
(65, 167, 67.19, NOW(), NOW()),
(66, 167, 67.84, NOW(), NOW()),
(157, 168, 78.52, NOW(), NOW()),
(158, 168, 96.93, NOW(), NOW()),
(159, 168, 74.18, NOW(), NOW()),
(160, 168, 87.56, NOW(), NOW()),
(161, 168, 86.37, NOW(), NOW()),
(162, 168, 72.29, NOW(), NOW()),
(145, 169, 61.71, NOW(), NOW()),
(146, 169, 68.66, NOW(), NOW()),
(147, 169, 68.02, NOW(), NOW()),
(148, 169, 80.61, NOW(), NOW()),
(149, 169, 72.65, NOW(), NOW()),
(150, 169, 86.07, NOW(), NOW()),
(151, 170, 84.49, NOW(), NOW()),
(152, 170, 64.43, NOW(), NOW()),
(153, 170, 94.40, NOW(), NOW()),
(154, 170, 76.65, NOW(), NOW()),
(155, 170, 68.45, NOW(), NOW()),
(156, 170, 61.35, NOW(), NOW()),
(181, 171, 79.22, NOW(), NOW()),
(182, 171, 64.77, NOW(), NOW()),
(183, 171, 90.12, NOW(), NOW()),
(184, 171, 68.07, NOW(), NOW()),
(185, 171, 66.85, NOW(), NOW()),
(186, 171, 77.05, NOW(), NOW()),
(145, 172, 63.10, NOW(), NOW()),
(146, 172, 96.39, NOW(), NOW()),
(147, 172, 94.23, NOW(), NOW()),
(148, 172, 63.21, NOW(), NOW()),
(149, 172, 69.69, NOW(), NOW()),
(150, 172, 93.33, NOW(), NOW()),
(151, 173, 90.72, NOW(), NOW()),
(152, 173, 81.43, NOW(), NOW()),
(153, 173, 87.08, NOW(), NOW()),
(154, 173, 77.63, NOW(), NOW()),
(155, 173, 84.33, NOW(), NOW()),
(156, 173, 84.78, NOW(), NOW()),
(181, 174, 89.76, NOW(), NOW()),
(182, 174, 98.87, NOW(), NOW()),
(183, 174, 80.76, NOW(), NOW()),
(184, 174, 65.20, NOW(), NOW()),
(185, 174, 90.82, NOW(), NOW()),
(186, 174, 98.97, NOW(), NOW()),
(145, 175, 81.49, NOW(), NOW()),
(146, 175, 97.35, NOW(), NOW()),
(147, 175, 90.08, NOW(), NOW()),
(148, 175, 90.03, NOW(), NOW()),
(149, 175, 91.72, NOW(), NOW()),
(150, 175, 84.32, NOW(), NOW()),
(151, 176, 64.35, NOW(), NOW()),
(152, 176, 65.41, NOW(), NOW()),
(153, 176, 94.73, NOW(), NOW()),
(154, 176, 85.70, NOW(), NOW()),
(155, 176, 66.86, NOW(), NOW()),
(156, 176, 69.42, NOW(), NOW()),
(181, 177, 94.99, NOW(), NOW()),
(182, 177, 65.01, NOW(), NOW()),
(183, 177, 83.42, NOW(), NOW()),
(184, 177, 90.42, NOW(), NOW()),
(185, 177, 71.64, NOW(), NOW()),
(186, 177, 60.66, NOW(), NOW()),
(145, 178, 75.41, NOW(), NOW()),
(146, 178, 86.84, NOW(), NOW()),
(147, 178, 95.13, NOW(), NOW()),
(148, 178, 83.94, NOW(), NOW()),
(149, 178, 62.89, NOW(), NOW()),
(150, 178, 67.91, NOW(), NOW()),
(151, 179, 80.36, NOW(), NOW()),
(152, 179, 70.08, NOW(), NOW()),
(153, 179, 65.31, NOW(), NOW()),
(154, 179, 66.18, NOW(), NOW()),
(155, 179, 91.22, NOW(), NOW()),
(156, 179, 73.96, NOW(), NOW()),
(181, 180, 94.07, NOW(), NOW()),
(182, 180, 98.27, NOW(), NOW()),
(183, 180, 73.73, NOW(), NOW()),
(184, 180, 86.94, NOW(), NOW()),
(185, 180, 68.39, NOW(), NOW()),
(186, 180, 71.13, NOW(), NOW()),
(145, 181, 68.88, NOW(), NOW()),
(146, 181, 80.29, NOW(), NOW()),
(147, 181, 64.06, NOW(), NOW()),
(148, 181, 92.26, NOW(), NOW()),
(149, 181, 87.93, NOW(), NOW()),
(150, 181, 65.01, NOW(), NOW()),
(151, 182, 71.13, NOW(), NOW()),
(152, 182, 70.29, NOW(), NOW()),
(153, 182, 97.76, NOW(), NOW()),
(154, 182, 95.99, NOW(), NOW()),
(155, 182, 68.60, NOW(), NOW()),
(156, 182, 84.90, NOW(), NOW()),
(181, 183, 90.06, NOW(), NOW()),
(182, 183, 80.87, NOW(), NOW()),
(183, 183, 71.22, NOW(), NOW()),
(184, 183, 94.01, NOW(), NOW()),
(185, 183, 60.57, NOW(), NOW()),
(186, 183, 97.47, NOW(), NOW()),
(145, 184, 90.13, NOW(), NOW()),
(146, 184, 84.87, NOW(), NOW()),
(147, 184, 70.89, NOW(), NOW()),
(148, 184, 63.61, NOW(), NOW()),
(149, 184, 75.57, NOW(), NOW()),
(150, 184, 80.52, NOW(), NOW()),
(151, 185, 82.92, NOW(), NOW()),
(152, 185, 67.27, NOW(), NOW()),
(153, 185, 74.88, NOW(), NOW()),
(154, 185, 66.24, NOW(), NOW()),
(155, 185, 60.97, NOW(), NOW()),
(156, 185, 80.47, NOW(), NOW()),
(181, 186, 79.27, NOW(), NOW()),
(182, 186, 84.24, NOW(), NOW()),
(183, 186, 77.36, NOW(), NOW()),
(184, 186, 86.60, NOW(), NOW()),
(185, 186, 97.72, NOW(), NOW()),
(186, 186, 75.96, NOW(), NOW()),
(145, 187, 83.37, NOW(), NOW()),
(146, 187, 80.79, NOW(), NOW()),
(147, 187, 79.45, NOW(), NOW()),
(148, 187, 60.12, NOW(), NOW()),
(149, 187, 63.35, NOW(), NOW()),
(150, 187, 83.13, NOW(), NOW()),
(151, 188, 83.51, NOW(), NOW()),
(152, 188, 74.75, NOW(), NOW()),
(153, 188, 73.79, NOW(), NOW()),
(154, 188, 64.11, NOW(), NOW()),
(155, 188, 87.10, NOW(), NOW()),
(156, 188, 85.73, NOW(), NOW()),
(181, 189, 64.77, NOW(), NOW()),
(182, 189, 66.45, NOW(), NOW()),
(183, 189, 69.76, NOW(), NOW()),
(184, 189, 71.38, NOW(), NOW()),
(185, 189, 82.51, NOW(), NOW()),
(186, 189, 91.89, NOW(), NOW()),
(145, 190, 82.65, NOW(), NOW()),
(146, 190, 91.58, NOW(), NOW()),
(147, 190, 72.36, NOW(), NOW()),
(148, 190, 75.31, NOW(), NOW()),
(149, 190, 86.76, NOW(), NOW()),
(150, 190, 93.55, NOW(), NOW()),
(151, 191, 96.57, NOW(), NOW()),
(152, 191, 88.82, NOW(), NOW()),
(153, 191, 67.06, NOW(), NOW()),
(154, 191, 83.59, NOW(), NOW()),
(155, 191, 63.34, NOW(), NOW()),
(156, 191, 67.37, NOW(), NOW()),
(181, 192, 77.48, NOW(), NOW()),
(182, 192, 84.94, NOW(), NOW()),
(183, 192, 68.37, NOW(), NOW()),
(184, 192, 77.10, NOW(), NOW()),
(185, 192, 71.93, NOW(), NOW()),
(186, 192, 64.25, NOW(), NOW()),
(145, 193, 95.61, NOW(), NOW()),
(146, 193, 93.13, NOW(), NOW()),
(147, 193, 91.39, NOW(), NOW()),
(148, 193, 65.77, NOW(), NOW()),
(149, 193, 93.09, NOW(), NOW()),
(150, 193, 97.15, NOW(), NOW()),
(151, 194, 62.76, NOW(), NOW()),
(152, 194, 69.88, NOW(), NOW()),
(153, 194, 71.69, NOW(), NOW()),
(154, 194, 67.97, NOW(), NOW()),
(155, 194, 82.40, NOW(), NOW()),
(156, 194, 89.26, NOW(), NOW()),
(145, 196, 83.47, NOW(), NOW()),
(146, 196, 95.89, NOW(), NOW()),
(147, 196, 84.16, NOW(), NOW()),
(148, 196, 89.29, NOW(), NOW()),
(149, 196, 77.94, NOW(), NOW()),
(150, 196, 89.73, NOW(), NOW()),
(151, 197, 65.67, NOW(), NOW()),
(152, 197, 78.57, NOW(), NOW()),
(153, 197, 70.11, NOW(), NOW()),
(154, 197, 74.95, NOW(), NOW()),
(155, 197, 75.18, NOW(), NOW()),
(156, 197, 63.02, NOW(), NOW()),
(181, 198, 80.59, NOW(), NOW()),
(182, 198, 68.55, NOW(), NOW()),
(183, 198, 80.79, NOW(), NOW()),
(184, 198, 81.36, NOW(), NOW()),
(185, 198, 77.69, NOW(), NOW()),
(186, 198, 95.08, NOW(), NOW()),
(145, 199, 81.26, NOW(), NOW()),
(146, 199, 86.98, NOW(), NOW()),
(147, 199, 97.44, NOW(), NOW()),
(148, 199, 77.67, NOW(), NOW()),
(149, 199, 94.54, NOW(), NOW()),
(150, 199, 76.41, NOW(), NOW()),
(151, 200, 60.74, NOW(), NOW()),
(152, 200, 69.00, NOW(), NOW()),
(153, 200, 69.93, NOW(), NOW()),
(154, 200, 85.92, NOW(), NOW()),
(155, 200, 66.86, NOW(), NOW()),
(156, 200, 85.95, NOW(), NOW()),
(181, 201, 72.52, NOW(), NOW()),
(182, 201, 86.01, NOW(), NOW()),
(183, 201, 96.28, NOW(), NOW()),
(184, 201, 86.34, NOW(), NOW()),
(185, 201, 87.87, NOW(), NOW()),
(186, 201, 83.39, NOW(), NOW()),
(67, 203, 82.90, NOW(), NOW()),
(68, 203, 79.17, NOW(), NOW()),
(69, 203, 90.18, NOW(), NOW()),
(70, 203, 76.51, NOW(), NOW()),
(71, 203, 76.15, NOW(), NOW()),
(72, 203, 92.29, NOW(), NOW()),
(73, 204, 89.86, NOW(), NOW()),
(74, 204, 60.40, NOW(), NOW()),
(75, 204, 72.61, NOW(), NOW()),
(76, 204, 72.84, NOW(), NOW()),
(77, 204, 70.78, NOW(), NOW()),
(78, 204, 64.88, NOW(), NOW()),
(163, 205, 78.90, NOW(), NOW()),
(164, 205, 78.39, NOW(), NOW()),
(165, 205, 84.97, NOW(), NOW()),
(166, 205, 75.63, NOW(), NOW()),
(167, 205, 91.46, NOW(), NOW()),
(168, 205, 89.63, NOW(), NOW()),
(67, 206, 97.32, NOW(), NOW()),
(68, 206, 61.12, NOW(), NOW()),
(69, 206, 92.95, NOW(), NOW()),
(70, 206, 98.71, NOW(), NOW()),
(71, 206, 80.51, NOW(), NOW()),
(72, 206, 80.92, NOW(), NOW()),
(73, 207, 96.28, NOW(), NOW()),
(74, 207, 72.70, NOW(), NOW()),
(75, 207, 92.81, NOW(), NOW()),
(76, 207, 78.53, NOW(), NOW()),
(77, 207, 94.12, NOW(), NOW()),
(78, 207, 89.53, NOW(), NOW()),
(163, 208, 78.90, NOW(), NOW()),
(164, 208, 66.27, NOW(), NOW()),
(165, 208, 71.51, NOW(), NOW()),
(166, 208, 85.35, NOW(), NOW()),
(167, 208, 73.14, NOW(), NOW()),
(168, 208, 67.73, NOW(), NOW()),
(67, 209, 70.77, NOW(), NOW()),
(68, 209, 79.18, NOW(), NOW()),
(69, 209, 83.20, NOW(), NOW()),
(70, 209, 89.21, NOW(), NOW()),
(71, 209, 61.36, NOW(), NOW()),
(72, 209, 83.92, NOW(), NOW()),
(73, 210, 63.49, NOW(), NOW()),
(74, 210, 81.20, NOW(), NOW()),
(75, 210, 68.66, NOW(), NOW()),
(76, 210, 88.62, NOW(), NOW()),
(77, 210, 79.01, NOW(), NOW()),
(78, 210, 64.69, NOW(), NOW()),
(163, 211, 80.00, NOW(), NOW()),
(164, 211, 78.07, NOW(), NOW()),
(165, 211, 88.48, NOW(), NOW()),
(166, 211, 95.98, NOW(), NOW()),
(167, 211, 99.95, NOW(), NOW()),
(168, 211, 98.79, NOW(), NOW()),
(67, 212, 62.34, NOW(), NOW()),
(68, 212, 81.13, NOW(), NOW()),
(69, 212, 75.70, NOW(), NOW()),
(70, 212, 92.59, NOW(), NOW()),
(71, 212, 70.16, NOW(), NOW()),
(72, 212, 96.68, NOW(), NOW()),
(73, 213, 65.46, NOW(), NOW()),
(74, 213, 65.71, NOW(), NOW()),
(75, 213, 70.30, NOW(), NOW()),
(76, 213, 73.89, NOW(), NOW()),
(77, 213, 92.33, NOW(), NOW()),
(78, 213, 75.29, NOW(), NOW()),
(163, 214, 82.66, NOW(), NOW()),
(164, 214, 94.21, NOW(), NOW()),
(165, 214, 63.85, NOW(), NOW()),
(166, 214, 79.99, NOW(), NOW()),
(167, 214, 85.49, NOW(), NOW()),
(168, 214, 88.86, NOW(), NOW());

INSERT INTO calificacion_actividad
(actividad_id, inscripcion_id, calificacion, created_at, updated_at)
VALUES
(67, 215, 62.11, NOW(), NOW()),
(68, 215, 74.80, NOW(), NOW()),
(69, 215, 85.83, NOW(), NOW()),
(70, 215, 65.12, NOW(), NOW()),
(71, 215, 60.44, NOW(), NOW()),
(72, 215, 91.76, NOW(), NOW()),
(73, 216, 65.31, NOW(), NOW()),
(74, 216, 80.51, NOW(), NOW()),
(75, 216, 73.67, NOW(), NOW()),
(76, 216, 77.40, NOW(), NOW()),
(77, 216, 93.77, NOW(), NOW()),
(78, 216, 91.24, NOW(), NOW()),
(163, 217, 88.76, NOW(), NOW()),
(164, 217, 93.78, NOW(), NOW()),
(165, 217, 94.80, NOW(), NOW()),
(166, 217, 90.71, NOW(), NOW()),
(167, 217, 62.69, NOW(), NOW()),
(168, 217, 83.11, NOW(), NOW()),
(67, 218, 66.56, NOW(), NOW()),
(68, 218, 96.06, NOW(), NOW()),
(69, 218, 90.49, NOW(), NOW()),
(70, 218, 92.38, NOW(), NOW()),
(71, 218, 81.82, NOW(), NOW()),
(72, 218, 76.04, NOW(), NOW()),
(163, 220, 73.08, NOW(), NOW()),
(164, 220, 97.47, NOW(), NOW()),
(165, 220, 95.49, NOW(), NOW()),
(166, 220, 65.93, NOW(), NOW()),
(167, 220, 63.12, NOW(), NOW()),
(168, 220, 86.26, NOW(), NOW()),
(67, 221, 71.46, NOW(), NOW()),
(68, 221, 81.28, NOW(), NOW()),
(69, 221, 84.58, NOW(), NOW()),
(70, 221, 77.48, NOW(), NOW()),
(71, 221, 64.22, NOW(), NOW()),
(72, 221, 80.19, NOW(), NOW()),
(73, 222, 96.14, NOW(), NOW()),
(74, 222, 78.50, NOW(), NOW()),
(75, 222, 66.20, NOW(), NOW()),
(76, 222, 65.44, NOW(), NOW()),
(77, 222, 98.60, NOW(), NOW()),
(78, 222, 87.48, NOW(), NOW()),
(163, 223, 73.03, NOW(), NOW()),
(164, 223, 80.37, NOW(), NOW()),
(165, 223, 95.35, NOW(), NOW()),
(166, 223, 77.20, NOW(), NOW()),
(167, 223, 68.53, NOW(), NOW()),
(168, 223, 93.32, NOW(), NOW()),
(67, 224, 83.57, NOW(), NOW()),
(68, 224, 79.63, NOW(), NOW()),
(69, 224, 67.48, NOW(), NOW()),
(70, 224, 85.70, NOW(), NOW()),
(71, 224, 81.69, NOW(), NOW()),
(72, 224, 70.78, NOW(), NOW()),
(73, 225, 99.98, NOW(), NOW()),
(74, 225, 79.40, NOW(), NOW()),
(75, 225, 85.18, NOW(), NOW()),
(76, 225, 84.05, NOW(), NOW()),
(77, 225, 66.46, NOW(), NOW()),
(78, 225, 61.59, NOW(), NOW()),
(85, 227, 95.04, NOW(), NOW()),
(86, 227, 73.78, NOW(), NOW()),
(87, 227, 77.90, NOW(), NOW()),
(88, 227, 68.68, NOW(), NOW()),
(89, 227, 83.59, NOW(), NOW()),
(90, 227, 89.81, NOW(), NOW()),
(169, 228, 75.35, NOW(), NOW()),
(170, 228, 77.83, NOW(), NOW()),
(171, 228, 67.91, NOW(), NOW()),
(172, 228, 84.16, NOW(), NOW()),
(173, 228, 72.34, NOW(), NOW()),
(174, 228, 91.53, NOW(), NOW()),
(79, 229, 94.69, NOW(), NOW()),
(80, 229, 60.03, NOW(), NOW()),
(81, 229, 83.56, NOW(), NOW()),
(82, 229, 73.57, NOW(), NOW()),
(83, 229, 70.14, NOW(), NOW()),
(84, 229, 69.60, NOW(), NOW()),
(169, 230, 72.17, NOW(), NOW()),
(170, 230, 63.62, NOW(), NOW()),
(171, 230, 65.16, NOW(), NOW()),
(172, 230, 62.06, NOW(), NOW()),
(173, 230, 73.07, NOW(), NOW()),
(174, 230, 97.02, NOW(), NOW()),
(79, 231, 73.57, NOW(), NOW()),
(80, 231, 93.81, NOW(), NOW()),
(81, 231, 67.27, NOW(), NOW()),
(82, 231, 88.51, NOW(), NOW()),
(83, 231, 98.14, NOW(), NOW()),
(84, 231, 68.39, NOW(), NOW()),
(85, 232, 83.37, NOW(), NOW()),
(86, 232, 89.04, NOW(), NOW()),
(87, 232, 60.13, NOW(), NOW()),
(88, 232, 61.21, NOW(), NOW()),
(89, 232, 77.24, NOW(), NOW()),
(90, 232, 70.35, NOW(), NOW()),
(169, 233, 74.84, NOW(), NOW()),
(170, 233, 81.46, NOW(), NOW()),
(171, 233, 91.12, NOW(), NOW()),
(172, 233, 69.92, NOW(), NOW()),
(173, 233, 93.63, NOW(), NOW()),
(174, 233, 70.96, NOW(), NOW()),
(79, 234, 86.69, NOW(), NOW()),
(80, 234, 95.57, NOW(), NOW()),
(81, 234, 64.28, NOW(), NOW()),
(82, 234, 97.97, NOW(), NOW()),
(83, 234, 60.07, NOW(), NOW()),
(84, 234, 63.28, NOW(), NOW()),
(85, 235, 84.36, NOW(), NOW()),
(86, 235, 84.24, NOW(), NOW()),
(87, 235, 96.68, NOW(), NOW()),
(88, 235, 86.51, NOW(), NOW()),
(89, 235, 67.29, NOW(), NOW()),
(90, 235, 81.62, NOW(), NOW()),
(169, 236, 98.69, NOW(), NOW()),
(170, 236, 92.87, NOW(), NOW()),
(171, 236, 88.59, NOW(), NOW()),
(172, 236, 69.99, NOW(), NOW()),
(173, 236, 77.66, NOW(), NOW()),
(174, 236, 83.24, NOW(), NOW()),
(79, 237, 65.01, NOW(), NOW()),
(80, 237, 76.10, NOW(), NOW()),
(81, 237, 77.93, NOW(), NOW()),
(82, 237, 75.32, NOW(), NOW()),
(83, 237, 90.91, NOW(), NOW()),
(84, 237, 70.43, NOW(), NOW()),
(85, 238, 79.63, NOW(), NOW()),
(86, 238, 97.83, NOW(), NOW()),
(87, 238, 84.08, NOW(), NOW()),
(88, 238, 80.80, NOW(), NOW()),
(89, 238, 89.24, NOW(), NOW()),
(90, 238, 87.94, NOW(), NOW()),
(169, 239, 82.05, NOW(), NOW()),
(170, 239, 74.92, NOW(), NOW()),
(171, 239, 83.16, NOW(), NOW()),
(172, 239, 97.00, NOW(), NOW()),
(173, 239, 76.73, NOW(), NOW()),
(174, 239, 86.55, NOW(), NOW()),
(79, 240, 70.57, NOW(), NOW()),
(80, 240, 80.87, NOW(), NOW()),
(81, 240, 72.02, NOW(), NOW()),
(82, 240, 72.20, NOW(), NOW()),
(83, 240, 68.12, NOW(), NOW()),
(84, 240, 66.97, NOW(), NOW()),
(85, 241, 63.87, NOW(), NOW()),
(86, 241, 62.00, NOW(), NOW()),
(87, 241, 98.24, NOW(), NOW()),
(88, 241, 86.93, NOW(), NOW()),
(89, 241, 67.74, NOW(), NOW()),
(90, 241, 77.95, NOW(), NOW()),
(169, 242, 93.67, NOW(), NOW()),
(170, 242, 64.90, NOW(), NOW()),
(171, 242, 67.04, NOW(), NOW()),
(172, 242, 63.86, NOW(), NOW()),
(173, 242, 78.47, NOW(), NOW()),
(174, 242, 78.43, NOW(), NOW()),
(79, 243, 62.14, NOW(), NOW()),
(80, 243, 82.49, NOW(), NOW()),
(81, 243, 83.35, NOW(), NOW()),
(82, 243, 87.38, NOW(), NOW()),
(83, 243, 84.28, NOW(), NOW()),
(84, 243, 61.38, NOW(), NOW()),
(85, 244, 62.34, NOW(), NOW()),
(86, 244, 79.68, NOW(), NOW()),
(87, 244, 69.26, NOW(), NOW()),
(88, 244, 72.29, NOW(), NOW()),
(89, 244, 87.43, NOW(), NOW()),
(90, 244, 88.10, NOW(), NOW()),
(169, 245, 73.27, NOW(), NOW()),
(170, 245, 92.97, NOW(), NOW()),
(171, 245, 64.80, NOW(), NOW()),
(172, 245, 64.83, NOW(), NOW()),
(173, 245, 66.90, NOW(), NOW()),
(174, 245, 95.58, NOW(), NOW()),
(97, 246, 82.17, NOW(), NOW()),
(98, 246, 86.29, NOW(), NOW()),
(99, 246, 60.23, NOW(), NOW()),
(100, 246, 82.17, NOW(), NOW()),
(101, 246, 94.45, NOW(), NOW()),
(102, 246, 80.31, NOW(), NOW()),
(175, 247, 88.50, NOW(), NOW()),
(176, 247, 73.79, NOW(), NOW()),
(177, 247, 71.84, NOW(), NOW()),
(178, 247, 93.09, NOW(), NOW()),
(179, 247, 90.60, NOW(), NOW()),
(180, 247, 61.03, NOW(), NOW()),
(91, 248, 73.55, NOW(), NOW()),
(92, 248, 64.60, NOW(), NOW()),
(93, 248, 67.77, NOW(), NOW()),
(94, 248, 74.56, NOW(), NOW()),
(95, 248, 71.75, NOW(), NOW()),
(96, 248, 96.51, NOW(), NOW()),
(175, 249, 95.57, NOW(), NOW()),
(176, 249, 85.01, NOW(), NOW()),
(177, 249, 72.97, NOW(), NOW()),
(178, 249, 75.35, NOW(), NOW()),
(179, 249, 95.40, NOW(), NOW()),
(180, 249, 63.46, NOW(), NOW()),
(91, 250, 76.13, NOW(), NOW()),
(92, 250, 63.78, NOW(), NOW()),
(93, 250, 84.68, NOW(), NOW()),
(94, 250, 79.96, NOW(), NOW()),
(95, 250, 82.33, NOW(), NOW()),
(96, 250, 64.19, NOW(), NOW()),
(97, 251, 74.19, NOW(), NOW()),
(98, 251, 67.39, NOW(), NOW()),
(99, 251, 97.51, NOW(), NOW()),
(100, 251, 78.64, NOW(), NOW()),
(101, 251, 62.63, NOW(), NOW()),
(102, 251, 67.41, NOW(), NOW()),
(175, 252, 78.91, NOW(), NOW()),
(176, 252, 72.83, NOW(), NOW()),
(177, 252, 84.38, NOW(), NOW()),
(178, 252, 97.15, NOW(), NOW()),
(179, 252, 77.46, NOW(), NOW()),
(180, 252, 83.49, NOW(), NOW()),
(91, 253, 70.43, NOW(), NOW()),
(92, 253, 94.35, NOW(), NOW()),
(93, 253, 83.34, NOW(), NOW()),
(94, 253, 99.56, NOW(), NOW()),
(95, 253, 79.72, NOW(), NOW()),
(96, 253, 96.69, NOW(), NOW()),
(97, 254, 66.77, NOW(), NOW()),
(98, 254, 95.94, NOW(), NOW()),
(99, 254, 81.51, NOW(), NOW()),
(100, 254, 64.69, NOW(), NOW()),
(101, 254, 83.86, NOW(), NOW()),
(102, 254, 72.37, NOW(), NOW()),
(175, 255, 60.00, NOW(), NOW()),
(176, 255, 62.69, NOW(), NOW()),
(177, 255, 60.27, NOW(), NOW()),
(178, 255, 77.01, NOW(), NOW()),
(179, 255, 93.07, NOW(), NOW()),
(180, 255, 83.83, NOW(), NOW()),
(91, 256, 86.33, NOW(), NOW()),
(92, 256, 64.94, NOW(), NOW()),
(93, 256, 85.30, NOW(), NOW()),
(94, 256, 77.59, NOW(), NOW()),
(95, 256, 64.99, NOW(), NOW()),
(96, 256, 78.09, NOW(), NOW()),
(97, 257, 93.45, NOW(), NOW()),
(98, 257, 86.81, NOW(), NOW()),
(99, 257, 91.52, NOW(), NOW()),
(100, 257, 60.03, NOW(), NOW()),
(101, 257, 70.41, NOW(), NOW()),
(102, 257, 99.95, NOW(), NOW()),
(175, 258, 61.95, NOW(), NOW()),
(176, 258, 66.99, NOW(), NOW()),
(177, 258, 75.95, NOW(), NOW()),
(178, 258, 62.63, NOW(), NOW()),
(179, 258, 68.75, NOW(), NOW()),
(180, 258, 95.98, NOW(), NOW()),
(91, 259, 85.66, NOW(), NOW()),
(92, 259, 86.48, NOW(), NOW()),
(93, 259, 89.91, NOW(), NOW()),
(94, 259, 94.89, NOW(), NOW()),
(95, 259, 64.83, NOW(), NOW()),
(96, 259, 70.22, NOW(), NOW()),
(97, 260, 60.68, NOW(), NOW()),
(98, 260, 73.43, NOW(), NOW()),
(99, 260, 86.79, NOW(), NOW()),
(100, 260, 74.34, NOW(), NOW()),
(101, 260, 84.21, NOW(), NOW()),
(102, 260, 99.91, NOW(), NOW()),
(175, 261, 77.87, NOW(), NOW()),
(176, 261, 83.50, NOW(), NOW()),
(177, 261, 81.86, NOW(), NOW()),
(178, 261, 78.26, NOW(), NOW()),
(179, 261, 64.47, NOW(), NOW()),
(180, 261, 75.70, NOW(), NOW()),
(91, 262, 92.20, NOW(), NOW()),
(92, 262, 89.82, NOW(), NOW()),
(93, 262, 95.09, NOW(), NOW()),
(94, 262, 95.89, NOW(), NOW()),
(95, 262, 94.01, NOW(), NOW()),
(96, 262, 75.67, NOW(), NOW()),
(97, 263, 99.38, NOW(), NOW()),
(98, 263, 73.98, NOW(), NOW()),
(99, 263, 73.04, NOW(), NOW()),
(100, 263, 66.75, NOW(), NOW()),
(101, 263, 69.93, NOW(), NOW()),
(102, 263, 87.82, NOW(), NOW()),
(175, 264, 91.26, NOW(), NOW()),
(176, 264, 62.29, NOW(), NOW()),
(177, 264, 91.69, NOW(), NOW()),
(178, 264, 97.18, NOW(), NOW()),
(179, 264, 82.10, NOW(), NOW()),
(180, 264, 64.60, NOW(), NOW()),
(91, 265, 81.20, NOW(), NOW()),
(92, 265, 72.57, NOW(), NOW()),
(93, 265, 83.89, NOW(), NOW()),
(94, 265, 60.40, NOW(), NOW()),
(95, 265, 61.62, NOW(), NOW()),
(96, 265, 74.99, NOW(), NOW()),
(97, 266, 71.44, NOW(), NOW()),
(98, 266, 90.61, NOW(), NOW()),
(99, 266, 62.83, NOW(), NOW()),
(100, 266, 65.42, NOW(), NOW()),
(101, 266, 86.27, NOW(), NOW()),
(102, 266, 88.26, NOW(), NOW()),
(175, 267, 97.89, NOW(), NOW()),
(176, 267, 87.31, NOW(), NOW()),
(177, 267, 67.91, NOW(), NOW()),
(178, 267, 71.18, NOW(), NOW()),
(179, 267, 89.70, NOW(), NOW()),
(180, 267, 80.21, NOW(), NOW()),
(91, 268, 60.56, NOW(), NOW()),
(92, 268, 82.35, NOW(), NOW()),
(93, 268, 76.57, NOW(), NOW()),
(94, 268, 88.25, NOW(), NOW()),
(95, 268, 61.07, NOW(), NOW()),
(96, 268, 82.34, NOW(), NOW()),
(175, 270, 96.65, NOW(), NOW()),
(176, 270, 81.44, NOW(), NOW()),
(177, 270, 75.79, NOW(), NOW()),
(178, 270, 67.56, NOW(), NOW()),
(179, 270, 65.34, NOW(), NOW()),
(180, 270, 77.38, NOW(), NOW());

-- 14.19.9 EXAMENES PARCIALES (P1-P3)
INSERT INTO calificacion_examen_parcial
(inscripcion_id, parcial_id, calificacion, created_at, updated_at)
VALUES
(6, 2, 81.15, NOW(), NOW()),
(6, 3, 63.76, NOW(), NOW()),
(7, 2, 98.44, NOW(), NOW()),
(7, 3, 96.58, NOW(), NOW()),
(8, 2, 76.02, NOW(), NOW()),
(8, 3, 84.86, NOW(), NOW()),
(9, 2, 64.65, NOW(), NOW()),
(9, 3, 64.98, NOW(), NOW()),
(10, 1, 67.98, NOW(), NOW()),
(10, 2, 86.16, NOW(), NOW()),
(10, 3, 64.56, NOW(), NOW()),
(11, 2, 98.70, NOW(), NOW()),
(11, 3, 58.17, NOW(), NOW()),
(12, 1, 63.70, NOW(), NOW()),
(12, 2, 59.00, NOW(), NOW()),
(12, 3, 89.65, NOW(), NOW()),
(13, 1, 71.49, NOW(), NOW()),
(13, 2, 76.23, NOW(), NOW()),
(13, 3, 69.67, NOW(), NOW()),
(14, 1, 83.68, NOW(), NOW()),
(14, 2, 73.18, NOW(), NOW()),
(14, 3, 64.37, NOW(), NOW()),
(15, 2, 74.36, NOW(), NOW()),
(15, 3, 68.69, NOW(), NOW()),
(16, 2, 59.99, NOW(), NOW()),
(16, 3, 92.05, NOW(), NOW()),
(17, 1, 85.61, NOW(), NOW()),
(17, 2, 84.92, NOW(), NOW()),
(17, 3, 94.71, NOW(), NOW()),
(18, 1, 72.76, NOW(), NOW()),
(18, 2, 72.07, NOW(), NOW()),
(18, 3, 74.03, NOW(), NOW()),
(19, 1, 73.20, NOW(), NOW()),
(19, 2, 85.10, NOW(), NOW()),
(19, 3, 55.29, NOW(), NOW()),
(20, 2, 75.88, NOW(), NOW()),
(20, 3, 79.08, NOW(), NOW()),
(21, 1, 70.55, NOW(), NOW()),
(21, 2, 55.98, NOW(), NOW()),
(21, 3, 86.71, NOW(), NOW()),
(22, 1, 55.42, NOW(), NOW()),
(22, 2, 80.40, NOW(), NOW()),
(22, 3, 61.90, NOW(), NOW()),
(23, 1, 56.56, NOW(), NOW()),
(23, 2, 63.14, NOW(), NOW()),
(23, 3, 57.96, NOW(), NOW()),
(24, 1, 61.78, NOW(), NOW()),
(24, 2, 85.82, NOW(), NOW()),
(24, 3, 87.77, NOW(), NOW()),
(25, 1, 71.33, NOW(), NOW()),
(25, 2, 84.36, NOW(), NOW()),
(25, 3, 76.38, NOW(), NOW()),
(26, 1, 77.43, NOW(), NOW()),
(26, 2, 94.42, NOW(), NOW()),
(26, 3, 69.01, NOW(), NOW()),
(27, 1, 94.15, NOW(), NOW()),
(27, 2, 86.10, NOW(), NOW()),
(27, 3, 85.76, NOW(), NOW()),
(28, 1, 55.27, NOW(), NOW()),
(28, 2, 58.78, NOW(), NOW()),
(28, 3, 56.44, NOW(), NOW()),
(29, 1, 70.56, NOW(), NOW()),
(29, 2, 97.57, NOW(), NOW()),
(29, 3, 94.41, NOW(), NOW()),
(30, 1, 92.74, NOW(), NOW()),
(30, 2, 60.35, NOW(), NOW()),
(30, 3, 86.76, NOW(), NOW()),
(31, 1, 89.85, NOW(), NOW()),
(31, 2, 91.42, NOW(), NOW()),
(31, 3, 90.65, NOW(), NOW()),
(32, 1, 61.31, NOW(), NOW()),
(32, 2, 63.05, NOW(), NOW()),
(32, 3, 90.67, NOW(), NOW()),
(34, 1, 88.22, NOW(), NOW()),
(34, 2, 95.16, NOW(), NOW()),
(34, 3, 75.09, NOW(), NOW()),
(35, 1, 95.03, NOW(), NOW()),
(35, 2, 61.27, NOW(), NOW()),
(35, 3, 98.07, NOW(), NOW()),
(36, 1, 94.80, NOW(), NOW()),
(36, 2, 70.19, NOW(), NOW()),
(36, 3, 58.04, NOW(), NOW()),
(37, 1, 79.68, NOW(), NOW()),
(37, 2, 86.01, NOW(), NOW()),
(37, 3, 70.77, NOW(), NOW()),
(38, 1, 57.59, NOW(), NOW()),
(38, 2, 67.54, NOW(), NOW()),
(38, 3, 92.10, NOW(), NOW()),
(39, 1, 59.08, NOW(), NOW()),
(39, 2, 97.18, NOW(), NOW()),
(39, 3, 66.25, NOW(), NOW()),
(40, 1, 64.20, NOW(), NOW()),
(40, 2, 60.05, NOW(), NOW()),
(40, 3, 99.15, NOW(), NOW()),
(41, 1, 95.55, NOW(), NOW()),
(41, 2, 69.36, NOW(), NOW()),
(41, 3, 59.30, NOW(), NOW()),
(42, 1, 84.40, NOW(), NOW()),
(42, 2, 94.94, NOW(), NOW()),
(42, 3, 55.55, NOW(), NOW()),
(43, 1, 83.49, NOW(), NOW()),
(43, 2, 93.55, NOW(), NOW()),
(43, 3, 75.65, NOW(), NOW()),
(44, 1, 80.62, NOW(), NOW()),
(44, 2, 91.19, NOW(), NOW()),
(44, 3, 65.73, NOW(), NOW()),
(45, 1, 67.30, NOW(), NOW()),
(45, 2, 84.72, NOW(), NOW()),
(45, 3, 79.86, NOW(), NOW()),
(46, 1, 79.09, NOW(), NOW()),
(46, 2, 70.05, NOW(), NOW()),
(46, 3, 97.16, NOW(), NOW()),
(47, 1, 67.97, NOW(), NOW()),
(47, 2, 85.55, NOW(), NOW()),
(47, 3, 95.24, NOW(), NOW()),
(49, 1, 73.04, NOW(), NOW()),
(49, 2, 57.44, NOW(), NOW()),
(49, 3, 64.92, NOW(), NOW()),
(50, 1, 57.98, NOW(), NOW()),
(50, 2, 61.67, NOW(), NOW()),
(50, 3, 60.42, NOW(), NOW()),
(51, 1, 70.41, NOW(), NOW()),
(51, 2, 71.65, NOW(), NOW()),
(51, 3, 75.13, NOW(), NOW()),
(52, 1, 84.93, NOW(), NOW()),
(52, 2, 85.45, NOW(), NOW()),
(52, 3, 85.93, NOW(), NOW()),
(53, 1, 71.40, NOW(), NOW()),
(53, 2, 84.83, NOW(), NOW()),
(53, 3, 79.74, NOW(), NOW()),
(54, 1, 60.74, NOW(), NOW()),
(54, 2, 79.56, NOW(), NOW()),
(54, 3, 69.33, NOW(), NOW()),
(55, 1, 85.42, NOW(), NOW()),
(55, 2, 88.06, NOW(), NOW()),
(55, 3, 65.83, NOW(), NOW()),
(56, 1, 74.58, NOW(), NOW()),
(56, 2, 75.47, NOW(), NOW()),
(56, 3, 68.36, NOW(), NOW()),
(57, 1, 56.82, NOW(), NOW()),
(57, 2, 57.23, NOW(), NOW()),
(57, 3, 99.68, NOW(), NOW()),
(58, 1, 88.30, NOW(), NOW()),
(58, 2, 74.74, NOW(), NOW()),
(58, 3, 85.00, NOW(), NOW()),
(59, 1, 67.10, NOW(), NOW()),
(59, 2, 86.97, NOW(), NOW()),
(59, 3, 97.79, NOW(), NOW()),
(61, 1, 89.79, NOW(), NOW()),
(61, 2, 75.93, NOW(), NOW()),
(61, 3, 99.26, NOW(), NOW()),
(62, 1, 96.49, NOW(), NOW()),
(62, 2, 57.62, NOW(), NOW()),
(62, 3, 73.53, NOW(), NOW()),
(63, 1, 75.34, NOW(), NOW()),
(63, 2, 67.34, NOW(), NOW()),
(63, 3, 82.74, NOW(), NOW()),
(64, 1, 61.46, NOW(), NOW()),
(64, 2, 88.62, NOW(), NOW()),
(64, 3, 93.60, NOW(), NOW()),
(65, 1, 57.77, NOW(), NOW()),
(65, 2, 86.14, NOW(), NOW()),
(65, 3, 66.97, NOW(), NOW()),
(66, 1, 83.72, NOW(), NOW()),
(66, 2, 86.10, NOW(), NOW()),
(66, 3, 98.95, NOW(), NOW()),
(67, 1, 90.91, NOW(), NOW()),
(67, 2, 70.25, NOW(), NOW()),
(67, 3, 87.85, NOW(), NOW()),
(68, 1, 61.61, NOW(), NOW()),
(68, 2, 87.11, NOW(), NOW()),
(68, 3, 73.77, NOW(), NOW()),
(69, 1, 66.93, NOW(), NOW()),
(69, 2, 65.73, NOW(), NOW()),
(69, 3, 64.75, NOW(), NOW()),
(70, 1, 90.84, NOW(), NOW()),
(70, 2, 59.32, NOW(), NOW()),
(70, 3, 65.46, NOW(), NOW()),
(71, 1, 63.65, NOW(), NOW()),
(71, 2, 62.11, NOW(), NOW()),
(71, 3, 87.85, NOW(), NOW()),
(72, 1, 81.43, NOW(), NOW()),
(72, 2, 84.92, NOW(), NOW()),
(72, 3, 95.51, NOW(), NOW()),
(73, 1, 75.19, NOW(), NOW()),
(73, 2, 56.70, NOW(), NOW()),
(73, 3, 63.52, NOW(), NOW()),
(74, 1, 78.24, NOW(), NOW()),
(74, 2, 87.19, NOW(), NOW()),
(74, 3, 96.33, NOW(), NOW()),
(75, 1, 78.00, NOW(), NOW()),
(75, 2, 65.21, NOW(), NOW()),
(75, 3, 81.67, NOW(), NOW()),
(76, 1, 97.06, NOW(), NOW()),
(76, 2, 69.98, NOW(), NOW()),
(76, 3, 96.90, NOW(), NOW()),
(77, 1, 95.67, NOW(), NOW()),
(77, 2, 80.96, NOW(), NOW()),
(77, 3, 76.65, NOW(), NOW()),
(78, 1, 60.80, NOW(), NOW()),
(78, 2, 59.97, NOW(), NOW()),
(78, 3, 56.84, NOW(), NOW()),
(79, 1, 82.51, NOW(), NOW()),
(79, 2, 87.07, NOW(), NOW()),
(79, 3, 99.70, NOW(), NOW()),
(80, 1, 82.11, NOW(), NOW()),
(80, 2, 99.72, NOW(), NOW()),
(80, 3, 73.13, NOW(), NOW()),
(81, 1, 61.03, NOW(), NOW()),
(81, 2, 57.68, NOW(), NOW()),
(81, 3, 67.97, NOW(), NOW()),
(82, 1, 78.88, NOW(), NOW()),
(82, 2, 99.38, NOW(), NOW()),
(82, 3, 68.38, NOW(), NOW()),
(83, 1, 65.58, NOW(), NOW()),
(83, 2, 87.55, NOW(), NOW()),
(83, 3, 72.48, NOW(), NOW()),
(84, 1, 80.13, NOW(), NOW()),
(84, 2, 61.81, NOW(), NOW()),
(84, 3, 93.40, NOW(), NOW()),
(85, 1, 96.37, NOW(), NOW()),
(85, 2, 88.98, NOW(), NOW()),
(85, 3, 97.11, NOW(), NOW()),
(86, 1, 69.96, NOW(), NOW()),
(86, 2, 56.46, NOW(), NOW()),
(86, 3, 68.72, NOW(), NOW()),
(87, 1, 95.40, NOW(), NOW()),
(87, 2, 76.12, NOW(), NOW()),
(87, 3, 64.02, NOW(), NOW()),
(88, 1, 61.80, NOW(), NOW()),
(88, 2, 62.39, NOW(), NOW()),
(88, 3, 74.76, NOW(), NOW()),
(89, 1, 96.66, NOW(), NOW()),
(89, 2, 94.78, NOW(), NOW()),
(89, 3, 89.10, NOW(), NOW()),
(90, 1, 89.03, NOW(), NOW()),
(90, 2, 63.59, NOW(), NOW()),
(90, 3, 89.99, NOW(), NOW()),
(91, 1, 65.08, NOW(), NOW()),
(91, 2, 78.66, NOW(), NOW()),
(91, 3, 56.51, NOW(), NOW()),
(92, 1, 95.16, NOW(), NOW()),
(92, 2, 60.78, NOW(), NOW()),
(92, 3, 81.67, NOW(), NOW()),
(93, 1, 84.80, NOW(), NOW()),
(93, 2, 83.98, NOW(), NOW()),
(93, 3, 85.70, NOW(), NOW()),
(94, 1, 71.62, NOW(), NOW()),
(94, 2, 90.65, NOW(), NOW()),
(94, 3, 97.23, NOW(), NOW()),
(95, 1, 82.77, NOW(), NOW()),
(95, 2, 99.08, NOW(), NOW()),
(95, 3, 93.24, NOW(), NOW()),
(96, 1, 57.50, NOW(), NOW()),
(96, 2, 85.22, NOW(), NOW()),
(96, 3, 59.12, NOW(), NOW()),
(98, 1, 84.76, NOW(), NOW()),
(98, 2, 71.71, NOW(), NOW()),
(98, 3, 93.45, NOW(), NOW()),
(99, 1, 57.01, NOW(), NOW()),
(99, 2, 97.59, NOW(), NOW()),
(99, 3, 56.96, NOW(), NOW()),
(100, 1, 57.55, NOW(), NOW()),
(100, 2, 55.12, NOW(), NOW()),
(100, 3, 60.65, NOW(), NOW()),
(101, 1, 99.38, NOW(), NOW()),
(101, 2, 92.58, NOW(), NOW()),
(101, 3, 96.26, NOW(), NOW()),
(102, 1, 63.39, NOW(), NOW()),
(102, 2, 85.95, NOW(), NOW()),
(102, 3, 90.78, NOW(), NOW()),
(103, 1, 87.71, NOW(), NOW()),
(103, 2, 67.13, NOW(), NOW()),
(103, 3, 98.69, NOW(), NOW()),
(104, 1, 87.77, NOW(), NOW()),
(104, 2, 85.79, NOW(), NOW()),
(104, 3, 67.80, NOW(), NOW()),
(105, 1, 72.88, NOW(), NOW()),
(105, 2, 89.10, NOW(), NOW()),
(105, 3, 78.24, NOW(), NOW()),
(106, 1, 76.96, NOW(), NOW()),
(106, 2, 96.39, NOW(), NOW()),
(106, 3, 73.92, NOW(), NOW()),
(107, 1, 93.65, NOW(), NOW()),
(107, 2, 57.10, NOW(), NOW()),
(107, 3, 78.87, NOW(), NOW()),
(108, 1, 87.09, NOW(), NOW()),
(108, 2, 55.48, NOW(), NOW()),
(108, 3, 86.34, NOW(), NOW()),
(109, 1, 67.87, NOW(), NOW()),
(109, 2, 83.15, NOW(), NOW()),
(109, 3, 83.05, NOW(), NOW()),
(110, 1, 61.14, NOW(), NOW()),
(110, 2, 97.47, NOW(), NOW()),
(110, 3, 65.92, NOW(), NOW()),
(111, 1, 61.14, NOW(), NOW()),
(111, 2, 74.92, NOW(), NOW()),
(111, 3, 57.88, NOW(), NOW()),
(112, 1, 59.56, NOW(), NOW()),
(112, 2, 89.27, NOW(), NOW()),
(112, 3, 59.39, NOW(), NOW()),
(113, 1, 79.36, NOW(), NOW()),
(113, 2, 94.85, NOW(), NOW()),
(113, 3, 75.42, NOW(), NOW()),
(114, 1, 91.65, NOW(), NOW()),
(114, 2, 92.36, NOW(), NOW()),
(114, 3, 62.41, NOW(), NOW()),
(115, 1, 58.44, NOW(), NOW()),
(115, 2, 90.29, NOW(), NOW()),
(115, 3, 93.99, NOW(), NOW()),
(116, 1, 93.38, NOW(), NOW()),
(116, 2, 87.14, NOW(), NOW()),
(116, 3, 77.95, NOW(), NOW()),
(117, 1, 98.11, NOW(), NOW()),
(117, 2, 88.29, NOW(), NOW()),
(117, 3, 89.33, NOW(), NOW()),
(119, 1, 96.02, NOW(), NOW()),
(119, 2, 57.45, NOW(), NOW()),
(119, 3, 88.35, NOW(), NOW()),
(120, 1, 81.29, NOW(), NOW()),
(120, 2, 55.57, NOW(), NOW()),
(120, 3, 66.49, NOW(), NOW()),
(121, 1, 87.22, NOW(), NOW()),
(121, 2, 78.81, NOW(), NOW()),
(121, 3, 80.31, NOW(), NOW()),
(122, 1, 67.93, NOW(), NOW()),
(122, 2, 80.51, NOW(), NOW()),
(122, 3, 94.55, NOW(), NOW()),
(123, 1, 99.10, NOW(), NOW()),
(123, 2, 79.86, NOW(), NOW()),
(123, 3, 87.91, NOW(), NOW()),
(124, 1, 58.93, NOW(), NOW()),
(124, 2, 61.32, NOW(), NOW()),
(124, 3, 80.17, NOW(), NOW()),
(125, 1, 92.19, NOW(), NOW()),
(125, 2, 60.37, NOW(), NOW()),
(125, 3, 61.63, NOW(), NOW()),
(126, 1, 77.49, NOW(), NOW()),
(126, 2, 68.73, NOW(), NOW()),
(126, 3, 61.32, NOW(), NOW()),
(127, 1, 62.14, NOW(), NOW()),
(127, 2, 74.11, NOW(), NOW()),
(127, 3, 90.67, NOW(), NOW()),
(128, 1, 62.71, NOW(), NOW()),
(128, 2, 91.27, NOW(), NOW()),
(128, 3, 58.36, NOW(), NOW()),
(129, 1, 66.29, NOW(), NOW()),
(129, 2, 85.09, NOW(), NOW()),
(129, 3, 55.32, NOW(), NOW()),
(130, 1, 69.49, NOW(), NOW()),
(130, 2, 61.95, NOW(), NOW()),
(130, 3, 65.37, NOW(), NOW()),
(131, 1, 94.90, NOW(), NOW()),
(131, 2, 62.17, NOW(), NOW()),
(131, 3, 87.40, NOW(), NOW()),
(132, 1, 95.96, NOW(), NOW()),
(132, 2, 66.07, NOW(), NOW()),
(132, 3, 93.81, NOW(), NOW()),
(133, 1, 69.42, NOW(), NOW()),
(133, 2, 89.77, NOW(), NOW()),
(133, 3, 81.14, NOW(), NOW()),
(134, 1, 70.77, NOW(), NOW()),
(134, 2, 94.88, NOW(), NOW()),
(134, 3, 86.31, NOW(), NOW()),
(135, 1, 69.36, NOW(), NOW()),
(135, 2, 80.80, NOW(), NOW()),
(135, 3, 68.25, NOW(), NOW()),
(136, 1, 67.86, NOW(), NOW()),
(136, 2, 97.23, NOW(), NOW()),
(136, 3, 98.90, NOW(), NOW()),
(137, 1, 62.11, NOW(), NOW()),
(137, 2, 96.24, NOW(), NOW()),
(137, 3, 87.12, NOW(), NOW()),
(138, 1, 55.50, NOW(), NOW()),
(138, 2, 59.87, NOW(), NOW()),
(138, 3, 74.61, NOW(), NOW()),
(139, 1, 94.93, NOW(), NOW()),
(139, 2, 94.31, NOW(), NOW()),
(139, 3, 66.29, NOW(), NOW()),
(141, 1, 75.05, NOW(), NOW()),
(141, 2, 96.64, NOW(), NOW()),
(141, 3, 64.43, NOW(), NOW()),
(143, 1, 59.71, NOW(), NOW()),
(143, 2, 73.67, NOW(), NOW()),
(143, 3, 85.63, NOW(), NOW()),
(144, 1, 94.27, NOW(), NOW()),
(144, 2, 94.46, NOW(), NOW()),
(144, 3, 55.52, NOW(), NOW()),
(145, 1, 62.90, NOW(), NOW()),
(145, 2, 60.78, NOW(), NOW()),
(145, 3, 81.81, NOW(), NOW()),
(146, 1, 73.26, NOW(), NOW()),
(146, 2, 96.51, NOW(), NOW()),
(146, 3, 82.69, NOW(), NOW()),
(147, 1, 82.67, NOW(), NOW()),
(147, 2, 85.92, NOW(), NOW()),
(147, 3, 64.22, NOW(), NOW()),
(148, 1, 95.27, NOW(), NOW()),
(148, 2, 93.75, NOW(), NOW()),
(148, 3, 92.01, NOW(), NOW());

INSERT INTO calificacion_examen_parcial
(inscripcion_id, parcial_id, calificacion, created_at, updated_at)
VALUES
(149, 1, 90.21, NOW(), NOW()),
(149, 2, 62.76, NOW(), NOW()),
(149, 3, 57.40, NOW(), NOW()),
(150, 1, 71.42, NOW(), NOW()),
(150, 2, 87.26, NOW(), NOW()),
(150, 3, 64.03, NOW(), NOW()),
(151, 1, 94.10, NOW(), NOW()),
(151, 2, 93.58, NOW(), NOW()),
(151, 3, 86.35, NOW(), NOW()),
(152, 1, 76.78, NOW(), NOW()),
(152, 2, 61.77, NOW(), NOW()),
(152, 3, 91.42, NOW(), NOW()),
(153, 1, 62.77, NOW(), NOW()),
(153, 2, 77.32, NOW(), NOW()),
(153, 3, 89.13, NOW(), NOW()),
(154, 1, 83.60, NOW(), NOW()),
(154, 2, 65.62, NOW(), NOW()),
(154, 3, 94.56, NOW(), NOW()),
(155, 1, 69.43, NOW(), NOW()),
(155, 2, 73.91, NOW(), NOW()),
(155, 3, 74.73, NOW(), NOW()),
(156, 1, 86.56, NOW(), NOW()),
(156, 2, 56.75, NOW(), NOW()),
(156, 3, 83.72, NOW(), NOW()),
(157, 1, 76.95, NOW(), NOW()),
(157, 2, 91.04, NOW(), NOW()),
(157, 3, 71.46, NOW(), NOW()),
(158, 1, 80.71, NOW(), NOW()),
(158, 2, 98.54, NOW(), NOW()),
(158, 3, 57.62, NOW(), NOW()),
(159, 1, 90.64, NOW(), NOW()),
(159, 2, 76.07, NOW(), NOW()),
(159, 3, 68.49, NOW(), NOW()),
(160, 1, 67.36, NOW(), NOW()),
(160, 2, 64.79, NOW(), NOW()),
(160, 3, 92.95, NOW(), NOW()),
(161, 1, 64.12, NOW(), NOW()),
(161, 2, 98.30, NOW(), NOW()),
(161, 3, 78.24, NOW(), NOW()),
(162, 1, 67.83, NOW(), NOW()),
(162, 2, 90.24, NOW(), NOW()),
(162, 3, 81.16, NOW(), NOW()),
(163, 1, 94.80, NOW(), NOW()),
(163, 2, 61.49, NOW(), NOW()),
(163, 3, 86.14, NOW(), NOW()),
(164, 1, 56.25, NOW(), NOW()),
(164, 2, 63.26, NOW(), NOW()),
(164, 3, 73.66, NOW(), NOW()),
(165, 1, 69.09, NOW(), NOW()),
(165, 2, 67.72, NOW(), NOW()),
(165, 3, 80.62, NOW(), NOW()),
(166, 1, 88.61, NOW(), NOW()),
(166, 2, 73.72, NOW(), NOW()),
(166, 3, 77.89, NOW(), NOW()),
(167, 1, 90.18, NOW(), NOW()),
(167, 2, 65.18, NOW(), NOW()),
(167, 3, 99.91, NOW(), NOW()),
(168, 1, 56.06, NOW(), NOW()),
(168, 2, 71.69, NOW(), NOW()),
(168, 3, 92.14, NOW(), NOW()),
(169, 1, 65.59, NOW(), NOW()),
(169, 2, 69.88, NOW(), NOW()),
(169, 3, 62.69, NOW(), NOW()),
(170, 1, 98.84, NOW(), NOW()),
(170, 2, 94.42, NOW(), NOW()),
(170, 3, 58.66, NOW(), NOW()),
(171, 1, 79.24, NOW(), NOW()),
(171, 2, 61.85, NOW(), NOW()),
(171, 3, 55.81, NOW(), NOW()),
(172, 1, 64.95, NOW(), NOW()),
(172, 2, 86.62, NOW(), NOW()),
(172, 3, 78.79, NOW(), NOW()),
(173, 1, 67.93, NOW(), NOW()),
(173, 2, 81.10, NOW(), NOW()),
(173, 3, 58.71, NOW(), NOW()),
(174, 1, 70.41, NOW(), NOW()),
(174, 2, 59.42, NOW(), NOW()),
(174, 3, 92.09, NOW(), NOW()),
(175, 1, 72.22, NOW(), NOW()),
(175, 2, 87.20, NOW(), NOW()),
(175, 3, 70.10, NOW(), NOW()),
(176, 1, 73.69, NOW(), NOW()),
(176, 2, 80.89, NOW(), NOW()),
(176, 3, 66.66, NOW(), NOW()),
(177, 1, 79.62, NOW(), NOW()),
(177, 2, 89.76, NOW(), NOW()),
(177, 3, 58.33, NOW(), NOW()),
(178, 1, 63.94, NOW(), NOW()),
(178, 2, 55.92, NOW(), NOW()),
(178, 3, 76.99, NOW(), NOW()),
(179, 1, 59.96, NOW(), NOW()),
(179, 2, 78.43, NOW(), NOW()),
(179, 3, 62.25, NOW(), NOW()),
(180, 1, 78.66, NOW(), NOW()),
(180, 2, 67.69, NOW(), NOW()),
(180, 3, 88.71, NOW(), NOW()),
(181, 1, 91.70, NOW(), NOW()),
(181, 2, 98.17, NOW(), NOW()),
(181, 3, 75.85, NOW(), NOW()),
(182, 1, 95.03, NOW(), NOW()),
(182, 2, 93.78, NOW(), NOW()),
(182, 3, 70.12, NOW(), NOW()),
(183, 1, 99.11, NOW(), NOW()),
(183, 2, 98.12, NOW(), NOW()),
(183, 3, 62.08, NOW(), NOW()),
(184, 1, 88.83, NOW(), NOW()),
(184, 2, 85.93, NOW(), NOW()),
(184, 3, 82.74, NOW(), NOW()),
(185, 1, 86.99, NOW(), NOW()),
(185, 2, 67.52, NOW(), NOW()),
(185, 3, 92.54, NOW(), NOW()),
(186, 1, 87.49, NOW(), NOW()),
(186, 2, 63.25, NOW(), NOW()),
(186, 3, 98.46, NOW(), NOW()),
(187, 1, 88.00, NOW(), NOW()),
(187, 2, 57.51, NOW(), NOW()),
(187, 3, 56.45, NOW(), NOW()),
(188, 1, 62.62, NOW(), NOW()),
(188, 2, 84.80, NOW(), NOW()),
(188, 3, 87.51, NOW(), NOW()),
(189, 1, 96.91, NOW(), NOW()),
(189, 2, 94.75, NOW(), NOW()),
(189, 3, 64.20, NOW(), NOW()),
(190, 1, 63.74, NOW(), NOW()),
(190, 2, 58.82, NOW(), NOW()),
(190, 3, 72.55, NOW(), NOW()),
(191, 1, 74.05, NOW(), NOW()),
(191, 2, 72.11, NOW(), NOW()),
(191, 3, 91.94, NOW(), NOW()),
(192, 1, 82.58, NOW(), NOW()),
(192, 2, 91.17, NOW(), NOW()),
(192, 3, 93.81, NOW(), NOW()),
(193, 1, 89.44, NOW(), NOW()),
(193, 2, 78.12, NOW(), NOW()),
(193, 3, 73.41, NOW(), NOW()),
(194, 1, 79.12, NOW(), NOW()),
(194, 2, 75.70, NOW(), NOW()),
(194, 3, 85.09, NOW(), NOW()),
(196, 1, 93.35, NOW(), NOW()),
(196, 2, 85.42, NOW(), NOW()),
(196, 3, 66.45, NOW(), NOW()),
(197, 1, 80.39, NOW(), NOW()),
(197, 2, 75.51, NOW(), NOW()),
(197, 3, 60.54, NOW(), NOW()),
(198, 1, 59.75, NOW(), NOW()),
(198, 2, 75.29, NOW(), NOW()),
(198, 3, 97.34, NOW(), NOW()),
(199, 1, 86.63, NOW(), NOW()),
(199, 2, 57.51, NOW(), NOW()),
(199, 3, 96.25, NOW(), NOW()),
(200, 1, 87.61, NOW(), NOW()),
(200, 2, 82.16, NOW(), NOW()),
(200, 3, 55.28, NOW(), NOW()),
(201, 1, 68.96, NOW(), NOW()),
(201, 2, 70.01, NOW(), NOW()),
(201, 3, 76.72, NOW(), NOW()),
(203, 1, 60.52, NOW(), NOW()),
(203, 2, 83.34, NOW(), NOW()),
(203, 3, 82.53, NOW(), NOW()),
(204, 1, 83.83, NOW(), NOW()),
(204, 2, 77.25, NOW(), NOW()),
(204, 3, 80.09, NOW(), NOW()),
(205, 1, 60.09, NOW(), NOW()),
(205, 2, 92.21, NOW(), NOW()),
(205, 3, 94.07, NOW(), NOW()),
(206, 1, 93.31, NOW(), NOW()),
(206, 2, 89.53, NOW(), NOW()),
(206, 3, 65.90, NOW(), NOW()),
(207, 1, 68.23, NOW(), NOW()),
(207, 2, 57.29, NOW(), NOW()),
(207, 3, 90.34, NOW(), NOW()),
(208, 1, 93.69, NOW(), NOW()),
(208, 2, 97.15, NOW(), NOW()),
(208, 3, 82.02, NOW(), NOW()),
(209, 1, 90.96, NOW(), NOW()),
(209, 2, 93.05, NOW(), NOW()),
(209, 3, 60.43, NOW(), NOW()),
(210, 1, 58.08, NOW(), NOW()),
(210, 2, 94.44, NOW(), NOW()),
(210, 3, 98.68, NOW(), NOW()),
(211, 1, 87.23, NOW(), NOW()),
(211, 2, 82.88, NOW(), NOW()),
(211, 3, 72.82, NOW(), NOW()),
(212, 1, 93.63, NOW(), NOW()),
(212, 2, 67.83, NOW(), NOW()),
(212, 3, 57.44, NOW(), NOW()),
(213, 1, 91.16, NOW(), NOW()),
(213, 2, 57.75, NOW(), NOW()),
(213, 3, 87.22, NOW(), NOW()),
(214, 1, 84.26, NOW(), NOW()),
(214, 2, 59.96, NOW(), NOW()),
(214, 3, 74.65, NOW(), NOW()),
(215, 1, 67.25, NOW(), NOW()),
(215, 2, 91.32, NOW(), NOW()),
(215, 3, 89.97, NOW(), NOW()),
(216, 1, 69.81, NOW(), NOW()),
(216, 2, 61.94, NOW(), NOW()),
(216, 3, 70.41, NOW(), NOW()),
(217, 1, 74.78, NOW(), NOW()),
(217, 2, 82.26, NOW(), NOW()),
(217, 3, 97.65, NOW(), NOW()),
(218, 1, 69.44, NOW(), NOW()),
(218, 2, 61.66, NOW(), NOW()),
(218, 3, 83.18, NOW(), NOW()),
(220, 1, 74.14, NOW(), NOW()),
(220, 2, 88.35, NOW(), NOW()),
(220, 3, 84.80, NOW(), NOW()),
(221, 1, 79.62, NOW(), NOW()),
(221, 2, 91.71, NOW(), NOW()),
(221, 3, 63.81, NOW(), NOW()),
(222, 1, 90.23, NOW(), NOW()),
(222, 2, 63.22, NOW(), NOW()),
(222, 3, 76.58, NOW(), NOW()),
(223, 1, 80.01, NOW(), NOW()),
(223, 2, 79.46, NOW(), NOW()),
(223, 3, 60.04, NOW(), NOW()),
(224, 1, 75.66, NOW(), NOW()),
(224, 2, 67.62, NOW(), NOW()),
(224, 3, 67.45, NOW(), NOW()),
(225, 1, 73.96, NOW(), NOW()),
(225, 2, 73.61, NOW(), NOW()),
(225, 3, 64.29, NOW(), NOW()),
(227, 1, 85.85, NOW(), NOW()),
(227, 2, 96.90, NOW(), NOW()),
(227, 3, 97.66, NOW(), NOW()),
(228, 1, 63.11, NOW(), NOW()),
(228, 2, 65.43, NOW(), NOW()),
(228, 3, 73.31, NOW(), NOW()),
(229, 1, 81.76, NOW(), NOW()),
(229, 2, 86.18, NOW(), NOW()),
(229, 3, 81.52, NOW(), NOW()),
(230, 1, 77.19, NOW(), NOW()),
(230, 2, 99.94, NOW(), NOW()),
(230, 3, 98.25, NOW(), NOW()),
(231, 1, 91.17, NOW(), NOW()),
(231, 2, 66.34, NOW(), NOW()),
(231, 3, 89.53, NOW(), NOW()),
(232, 1, 56.62, NOW(), NOW()),
(232, 2, 97.65, NOW(), NOW()),
(232, 3, 86.56, NOW(), NOW()),
(233, 1, 96.64, NOW(), NOW()),
(233, 2, 74.07, NOW(), NOW()),
(233, 3, 87.00, NOW(), NOW()),
(234, 1, 66.27, NOW(), NOW()),
(234, 2, 96.64, NOW(), NOW()),
(234, 3, 63.03, NOW(), NOW()),
(235, 1, 55.40, NOW(), NOW()),
(235, 2, 67.60, NOW(), NOW()),
(235, 3, 84.90, NOW(), NOW()),
(236, 1, 79.18, NOW(), NOW()),
(236, 2, 91.32, NOW(), NOW()),
(236, 3, 85.77, NOW(), NOW()),
(237, 1, 90.12, NOW(), NOW()),
(237, 2, 97.41, NOW(), NOW()),
(237, 3, 57.98, NOW(), NOW()),
(238, 1, 59.76, NOW(), NOW()),
(238, 2, 67.98, NOW(), NOW()),
(238, 3, 61.01, NOW(), NOW()),
(239, 1, 79.83, NOW(), NOW()),
(239, 2, 87.39, NOW(), NOW()),
(239, 3, 63.17, NOW(), NOW()),
(240, 1, 77.33, NOW(), NOW()),
(240, 2, 66.11, NOW(), NOW()),
(240, 3, 55.77, NOW(), NOW()),
(241, 1, 66.92, NOW(), NOW()),
(241, 2, 66.94, NOW(), NOW()),
(241, 3, 85.95, NOW(), NOW()),
(242, 1, 98.60, NOW(), NOW()),
(242, 2, 58.04, NOW(), NOW()),
(242, 3, 77.06, NOW(), NOW()),
(243, 1, 75.89, NOW(), NOW()),
(243, 2, 83.26, NOW(), NOW()),
(243, 3, 61.68, NOW(), NOW()),
(244, 1, 98.03, NOW(), NOW()),
(244, 2, 67.39, NOW(), NOW()),
(244, 3, 81.03, NOW(), NOW()),
(245, 1, 73.37, NOW(), NOW()),
(245, 2, 80.30, NOW(), NOW()),
(245, 3, 94.62, NOW(), NOW()),
(246, 1, 82.80, NOW(), NOW()),
(246, 2, 70.35, NOW(), NOW()),
(246, 3, 97.86, NOW(), NOW()),
(247, 1, 62.91, NOW(), NOW()),
(247, 2, 98.16, NOW(), NOW()),
(247, 3, 85.31, NOW(), NOW()),
(248, 1, 66.01, NOW(), NOW()),
(248, 2, 99.37, NOW(), NOW()),
(248, 3, 93.97, NOW(), NOW()),
(249, 1, 77.88, NOW(), NOW()),
(249, 2, 91.40, NOW(), NOW()),
(249, 3, 59.23, NOW(), NOW()),
(250, 1, 67.38, NOW(), NOW()),
(250, 2, 76.54, NOW(), NOW()),
(250, 3, 97.48, NOW(), NOW()),
(251, 1, 71.63, NOW(), NOW()),
(251, 2, 99.64, NOW(), NOW()),
(251, 3, 81.09, NOW(), NOW()),
(252, 1, 87.31, NOW(), NOW()),
(252, 2, 90.18, NOW(), NOW()),
(252, 3, 60.95, NOW(), NOW()),
(253, 1, 96.35, NOW(), NOW()),
(253, 2, 81.70, NOW(), NOW()),
(253, 3, 60.50, NOW(), NOW()),
(254, 1, 61.80, NOW(), NOW()),
(254, 2, 90.96, NOW(), NOW()),
(254, 3, 80.27, NOW(), NOW()),
(255, 1, 96.73, NOW(), NOW()),
(255, 2, 93.71, NOW(), NOW()),
(255, 3, 79.71, NOW(), NOW()),
(256, 1, 73.85, NOW(), NOW()),
(256, 2, 89.29, NOW(), NOW()),
(256, 3, 99.00, NOW(), NOW()),
(257, 1, 68.80, NOW(), NOW()),
(257, 2, 78.37, NOW(), NOW()),
(257, 3, 60.32, NOW(), NOW()),
(258, 1, 56.99, NOW(), NOW()),
(258, 2, 57.75, NOW(), NOW()),
(258, 3, 71.85, NOW(), NOW()),
(259, 1, 82.79, NOW(), NOW()),
(259, 2, 93.86, NOW(), NOW()),
(259, 3, 88.75, NOW(), NOW()),
(260, 1, 98.37, NOW(), NOW()),
(260, 2, 66.48, NOW(), NOW()),
(260, 3, 93.43, NOW(), NOW()),
(261, 1, 69.43, NOW(), NOW()),
(261, 2, 71.87, NOW(), NOW()),
(261, 3, 79.46, NOW(), NOW()),
(262, 1, 99.84, NOW(), NOW()),
(262, 2, 75.90, NOW(), NOW()),
(262, 3, 57.63, NOW(), NOW()),
(263, 1, 71.48, NOW(), NOW()),
(263, 2, 80.53, NOW(), NOW()),
(263, 3, 85.74, NOW(), NOW()),
(264, 1, 61.91, NOW(), NOW()),
(264, 2, 67.81, NOW(), NOW()),
(264, 3, 62.49, NOW(), NOW()),
(265, 1, 78.08, NOW(), NOW()),
(265, 2, 72.70, NOW(), NOW()),
(265, 3, 69.35, NOW(), NOW()),
(266, 1, 77.88, NOW(), NOW()),
(266, 2, 88.90, NOW(), NOW()),
(266, 3, 82.72, NOW(), NOW()),
(267, 1, 88.02, NOW(), NOW()),
(267, 2, 73.16, NOW(), NOW()),
(267, 3, 96.68, NOW(), NOW()),
(268, 1, 60.26, NOW(), NOW()),
(268, 2, 58.25, NOW(), NOW()),
(268, 3, 59.34, NOW(), NOW()),
(270, 1, 76.62, NOW(), NOW()),
(270, 2, 69.61, NOW(), NOW()),
(270, 3, 63.94, NOW(), NOW());

-- 14.19.10 EXAMENES FINALES
INSERT INTO calificacion_examen_final
(inscripcion_id, calificacion, created_at, updated_at)
VALUES
(8, 90.56, NOW(), NOW()),
(9, 85.79, NOW(), NOW()),
(10, 76.38, NOW(), NOW()),
(11, 67.92, NOW(), NOW()),
(12, 87.07, NOW(), NOW()),
(13, 98.77, NOW(), NOW()),
(14, 77.11, NOW(), NOW()),
(17, 94.03, NOW(), NOW()),
(18, 61.44, NOW(), NOW()),
(19, 81.11, NOW(), NOW()),
(21, 68.06, NOW(), NOW()),
(22, 79.77, NOW(), NOW()),
(23, 84.45, NOW(), NOW()),
(24, 94.24, NOW(), NOW()),
(25, 80.92, NOW(), NOW()),
(26, 94.75, NOW(), NOW()),
(27, 73.07, NOW(), NOW()),
(28, 65.14, NOW(), NOW()),
(29, 78.60, NOW(), NOW()),
(30, 88.61, NOW(), NOW()),
(31, 88.32, NOW(), NOW()),
(32, 61.47, NOW(), NOW()),
(34, 69.94, NOW(), NOW()),
(35, 70.17, NOW(), NOW()),
(36, 78.86, NOW(), NOW()),
(37, 94.47, NOW(), NOW()),
(38, 70.84, NOW(), NOW()),
(39, 61.84, NOW(), NOW()),
(40, 95.92, NOW(), NOW()),
(41, 94.77, NOW(), NOW()),
(42, 90.83, NOW(), NOW()),
(43, 61.55, NOW(), NOW()),
(44, 70.43, NOW(), NOW()),
(45, 67.07, NOW(), NOW()),
(46, 96.60, NOW(), NOW()),
(47, 64.99, NOW(), NOW()),
(49, 65.10, NOW(), NOW()),
(50, 68.83, NOW(), NOW()),
(51, 91.64, NOW(), NOW()),
(52, 67.92, NOW(), NOW()),
(53, 99.34, NOW(), NOW()),
(54, 72.33, NOW(), NOW()),
(55, 86.00, NOW(), NOW()),
(56, 67.68, NOW(), NOW()),
(57, 71.68, NOW(), NOW()),
(58, 94.62, NOW(), NOW()),
(59, 99.90, NOW(), NOW()),
(61, 69.69, NOW(), NOW()),
(62, 73.98, NOW(), NOW()),
(63, 62.30, NOW(), NOW()),
(64, 67.78, NOW(), NOW()),
(65, 75.36, NOW(), NOW()),
(66, 80.85, NOW(), NOW()),
(67, 82.91, NOW(), NOW()),
(68, 73.98, NOW(), NOW()),
(69, 66.32, NOW(), NOW()),
(70, 82.23, NOW(), NOW()),
(71, 73.96, NOW(), NOW()),
(72, 73.80, NOW(), NOW()),
(73, 98.93, NOW(), NOW()),
(74, 83.49, NOW(), NOW()),
(75, 60.61, NOW(), NOW()),
(76, 98.28, NOW(), NOW()),
(77, 98.79, NOW(), NOW()),
(78, 75.60, NOW(), NOW()),
(79, 99.19, NOW(), NOW()),
(80, 64.20, NOW(), NOW()),
(81, 96.75, NOW(), NOW()),
(82, 66.75, NOW(), NOW()),
(83, 94.56, NOW(), NOW()),
(84, 87.10, NOW(), NOW()),
(85, 98.33, NOW(), NOW()),
(86, 72.09, NOW(), NOW()),
(87, 86.16, NOW(), NOW()),
(88, 97.62, NOW(), NOW()),
(89, 65.15, NOW(), NOW()),
(90, 67.40, NOW(), NOW()),
(91, 82.28, NOW(), NOW()),
(92, 65.35, NOW(), NOW()),
(93, 62.18, NOW(), NOW()),
(94, 60.62, NOW(), NOW()),
(95, 73.88, NOW(), NOW()),
(96, 86.00, NOW(), NOW()),
(98, 78.63, NOW(), NOW()),
(99, 84.17, NOW(), NOW()),
(100, 61.05, NOW(), NOW()),
(101, 64.05, NOW(), NOW()),
(102, 82.62, NOW(), NOW()),
(103, 66.27, NOW(), NOW()),
(104, 60.51, NOW(), NOW()),
(105, 62.46, NOW(), NOW()),
(106, 86.08, NOW(), NOW()),
(107, 98.40, NOW(), NOW()),
(108, 79.85, NOW(), NOW()),
(109, 60.25, NOW(), NOW()),
(110, 67.79, NOW(), NOW()),
(111, 87.25, NOW(), NOW()),
(112, 91.71, NOW(), NOW()),
(113, 68.24, NOW(), NOW()),
(114, 78.70, NOW(), NOW()),
(115, 61.45, NOW(), NOW()),
(116, 81.61, NOW(), NOW()),
(117, 90.24, NOW(), NOW()),
(119, 79.98, NOW(), NOW()),
(120, 91.41, NOW(), NOW()),
(121, 69.37, NOW(), NOW()),
(122, 86.64, NOW(), NOW()),
(123, 78.83, NOW(), NOW()),
(124, 84.14, NOW(), NOW()),
(125, 62.91, NOW(), NOW()),
(126, 78.16, NOW(), NOW()),
(127, 84.80, NOW(), NOW()),
(128, 69.37, NOW(), NOW()),
(129, 82.16, NOW(), NOW()),
(130, 60.79, NOW(), NOW()),
(131, 76.72, NOW(), NOW()),
(132, 97.65, NOW(), NOW()),
(133, 85.88, NOW(), NOW()),
(134, 80.25, NOW(), NOW()),
(135, 94.84, NOW(), NOW()),
(136, 87.74, NOW(), NOW()),
(137, 80.36, NOW(), NOW()),
(138, 75.01, NOW(), NOW()),
(139, 94.95, NOW(), NOW()),
(141, 82.57, NOW(), NOW()),
(143, 79.50, NOW(), NOW()),
(144, 74.86, NOW(), NOW()),
(145, 66.11, NOW(), NOW()),
(146, 67.62, NOW(), NOW()),
(147, 84.10, NOW(), NOW()),
(148, 81.49, NOW(), NOW()),
(149, 90.98, NOW(), NOW()),
(150, 77.96, NOW(), NOW()),
(151, 75.38, NOW(), NOW()),
(152, 82.21, NOW(), NOW()),
(153, 70.05, NOW(), NOW()),
(154, 98.46, NOW(), NOW()),
(155, 85.41, NOW(), NOW()),
(156, 72.03, NOW(), NOW()),
(157, 79.67, NOW(), NOW()),
(158, 93.63, NOW(), NOW()),
(159, 98.04, NOW(), NOW()),
(160, 88.00, NOW(), NOW()),
(161, 95.10, NOW(), NOW()),
(162, 92.27, NOW(), NOW()),
(163, 74.69, NOW(), NOW()),
(164, 76.71, NOW(), NOW()),
(165, 78.60, NOW(), NOW()),
(166, 62.08, NOW(), NOW()),
(167, 83.66, NOW(), NOW()),
(168, 82.09, NOW(), NOW()),
(169, 91.48, NOW(), NOW()),
(170, 73.60, NOW(), NOW()),
(171, 99.09, NOW(), NOW()),
(172, 89.55, NOW(), NOW()),
(173, 83.15, NOW(), NOW()),
(174, 69.10, NOW(), NOW()),
(175, 97.36, NOW(), NOW()),
(176, 87.34, NOW(), NOW()),
(177, 85.36, NOW(), NOW()),
(178, 67.75, NOW(), NOW()),
(179, 67.93, NOW(), NOW()),
(180, 67.85, NOW(), NOW()),
(181, 96.73, NOW(), NOW()),
(182, 77.72, NOW(), NOW()),
(183, 88.05, NOW(), NOW()),
(184, 87.67, NOW(), NOW()),
(185, 92.49, NOW(), NOW()),
(186, 71.55, NOW(), NOW()),
(187, 68.08, NOW(), NOW()),
(188, 98.52, NOW(), NOW()),
(189, 65.63, NOW(), NOW()),
(190, 99.99, NOW(), NOW()),
(191, 75.84, NOW(), NOW()),
(192, 60.86, NOW(), NOW()),
(193, 72.04, NOW(), NOW()),
(194, 90.66, NOW(), NOW()),
(196, 76.21, NOW(), NOW()),
(197, 65.58, NOW(), NOW()),
(198, 63.10, NOW(), NOW()),
(199, 61.98, NOW(), NOW()),
(200, 82.87, NOW(), NOW()),
(201, 74.67, NOW(), NOW()),
(203, 87.12, NOW(), NOW()),
(204, 65.03, NOW(), NOW()),
(205, 71.37, NOW(), NOW()),
(206, 82.14, NOW(), NOW()),
(207, 73.02, NOW(), NOW()),
(208, 87.77, NOW(), NOW()),
(209, 70.43, NOW(), NOW()),
(210, 90.03, NOW(), NOW()),
(211, 86.55, NOW(), NOW()),
(212, 76.50, NOW(), NOW()),
(213, 88.17, NOW(), NOW()),
(214, 73.86, NOW(), NOW()),
(215, 96.82, NOW(), NOW()),
(216, 89.66, NOW(), NOW()),
(217, 71.42, NOW(), NOW()),
(218, 94.01, NOW(), NOW()),
(220, 85.10, NOW(), NOW()),
(221, 94.56, NOW(), NOW()),
(222, 88.40, NOW(), NOW()),
(223, 96.56, NOW(), NOW()),
(224, 81.74, NOW(), NOW()),
(225, 73.78, NOW(), NOW()),
(227, 89.41, NOW(), NOW()),
(228, 97.06, NOW(), NOW()),
(229, 81.00, NOW(), NOW()),
(230, 88.64, NOW(), NOW()),
(231, 84.20, NOW(), NOW()),
(232, 73.30, NOW(), NOW()),
(233, 68.02, NOW(), NOW()),
(234, 84.92, NOW(), NOW()),
(235, 66.68, NOW(), NOW()),
(236, 77.89, NOW(), NOW()),
(237, 91.01, NOW(), NOW()),
(238, 75.24, NOW(), NOW()),
(239, 77.32, NOW(), NOW()),
(240, 98.62, NOW(), NOW()),
(241, 83.62, NOW(), NOW()),
(242, 81.63, NOW(), NOW()),
(243, 67.74, NOW(), NOW()),
(244, 89.95, NOW(), NOW()),
(245, 74.73, NOW(), NOW()),
(246, 88.65, NOW(), NOW()),
(247, 98.15, NOW(), NOW()),
(248, 93.26, NOW(), NOW()),
(249, 68.83, NOW(), NOW()),
(250, 97.14, NOW(), NOW()),
(251, 86.62, NOW(), NOW()),
(252, 67.01, NOW(), NOW()),
(253, 61.74, NOW(), NOW()),
(254, 69.91, NOW(), NOW()),
(255, 83.38, NOW(), NOW()),
(256, 79.40, NOW(), NOW()),
(257, 60.18, NOW(), NOW()),
(258, 97.95, NOW(), NOW()),
(259, 62.66, NOW(), NOW()),
(260, 93.54, NOW(), NOW()),
(261, 79.86, NOW(), NOW()),
(262, 91.96, NOW(), NOW()),
(263, 92.39, NOW(), NOW()),
(264, 87.84, NOW(), NOW()),
(265, 75.11, NOW(), NOW()),
(266, 80.74, NOW(), NOW()),
(267, 68.15, NOW(), NOW()),
(268, 70.51, NOW(), NOW()),
(270, 60.90, NOW(), NOW());

